Atributo,Frecuencia
Glow,164
Flawless,132
to finish,91
And to finish,90
Illuminating,88
Mattifying,88
viral,82
Radiant,69
Creamy,67
color is,55
hydrated,54
this color,53
color is divine,52
this color is,52
and this color,52
Forever Skin,42
Skin Glow,39
blend,39
Luminous,35
your skin,34
Glow Blush,31
Rosy Glow Blush,31
Rosy Glow,31
Dior Rosy Glow,31
Dior Forever Skin,29
matte,27
glow,27
Glow Recipe,23
the skin,20
luminous,20
this Glow,19
look at,18
30 this Glow,18
Glow Recipe set,18
this Glow Recipe,18
Matte,18
looking for,17
Dior Glow,17
Glow by,16
Revitalize Skin,16
39 Revitalize Skin,16
translucent,16
Glow by Shiseido,16
Revitalize Skin Glow,16
cool,16
Skin Glow by,16
on your skin,15
Hydra Glow,15
Beautiful Skin,15
Glow Foundation,15
Skin Glow Foundation,15
Skin Contour,13
are Beautiful Skin,13
dupe,13
Skin by,13
Skin Contour by,13
Beautiful Skin by,13
the color,13
Cool,13
Forever Skin Contour,13
Skin by Charlotte,13
vitamin C,12
from Glow Recipe,12
from Glow,12
tinted,12
skincare samples,12
Forever Skin Glow,12
Translucent,12
shade Rosy Glow,11
bag and skincare,11
you are looking,11
are looking,11
are looking for,11
and skincare samples,11
it looks,11
skincare samples from,11
and skincare,11
samples from Glow,11
look how,11
cool glow to,10
cool glow,10
Glow Face,10
looking for a,10
of skinify,10
glow to the,10
glow to,10
very cool glow,10
skinify the,10
of skinify the,10
creamy,10
look like,10
kind of skinify,10
skinify the makeup,10
shiny,9
Skin Perfector,9
Dior Glow Face,9
Glow Face Palette,9
smooth,9
sun protection,9
Skin Perfector Foundation,9
