Marca,Atributo,Frecuencia
Anastasia Beverly Hills,And to finish,32
Anastasia Beverly Hills,Flawless,32
Anastasia Beverly Hills,Illuminating,32
Anastasia Beverly Hills,Mattifying,32
Anastasia Beverly Hills,to finish,32
Anastasia Beverly Hills,a look,1
Anastasia Beverly Hills,a look at,1
Anastasia Beverly Hills,look at,1
Anastasia Beverly Hills,look at it,1
Anastasia Beverly Hills,take a look,1
CLINIQUE,Dior Rosy Glow,1
CLINIQUE,Glow,1
CLINIQUE,Glow Blush,1
CLINIQUE,Luminous,1
CLINIQUE,Rosy Glow,1
CLINIQUE,Rosy Glow Blush,1
CLINIQUE,blend,1
CLINIQUE,in my look,1
CLINIQUE,lot of coverage,1
CLINIQUE,my look,1
CLINIQUE,of coverage,1
Caudalie,The only skincare,1
Caudalie,only skincare,1
Caudalie,only skincare product,1
Caudalie,skincare product,1
Caudalie,skincare product I,1
Charlotte Tilbury,Flawless,62
Charlotte Tilbury,And to finish,24
Charlotte Tilbury,Illuminating,24
Charlotte Tilbury,Mattifying,24
Charlotte Tilbury,to finish,24
Charlotte Tilbury,viral,24
Charlotte Tilbury,Glow,22
Charlotte Tilbury,30 this Glow,12
Charlotte Tilbury,Glow Recipe,12
Charlotte Tilbury,Glow Recipe set,12
Charlotte Tilbury,this Glow,12
Charlotte Tilbury,this Glow Recipe,12
Charlotte Tilbury,kind of skinify,9
Charlotte Tilbury,of skinify,9
Charlotte Tilbury,of skinify the,9
Charlotte Tilbury,skinify the,9
Charlotte Tilbury,skinify the makeup,9
Charlotte Tilbury,Beautiful Skin,6
Charlotte Tilbury,Charlotte Tilbury Matte,5
Charlotte Tilbury,Finish Powder,5
Charlotte Tilbury,Flawless Finish,5
Charlotte Tilbury,Flawless Finish Powder,5
Charlotte Tilbury,Glow shade,5
Charlotte Tilbury,Glow shade by,5
Charlotte Tilbury,Matte,5
Charlotte Tilbury,Matte Blush,5
Charlotte Tilbury,Pillow Talk Glow,5
Charlotte Tilbury,Talk Glow,5
Charlotte Tilbury,Talk Glow shade,5
Charlotte Tilbury,Tilbury Flawless Finish,5
Charlotte Tilbury,Tilbury Matte,5
Charlotte Tilbury,Tilbury Matte Blush,5
Charlotte Tilbury,Beautiful Skin by,4
Charlotte Tilbury,Cool,4
Charlotte Tilbury,Forever Skin,4
Charlotte Tilbury,Forever Skin Contour,4
Charlotte Tilbury,Skin Contour,4
Charlotte Tilbury,Skin Contour by,4
Charlotte Tilbury,Skin by,4
Charlotte Tilbury,Skin by Charlotte,4
Charlotte Tilbury,are Beautiful Skin,4
Charlotte Tilbury,a color,3
Charlotte Tilbury,a color that,3
Charlotte Tilbury,a formula,3
Charlotte Tilbury,a formula I,3
Charlotte Tilbury,color that,3
Charlotte Tilbury,color that you,3
Charlotte Tilbury,contouring,3
Charlotte Tilbury,divine thing look,3
Charlotte Tilbury,flawless,3
Charlotte Tilbury,formula,3
Charlotte Tilbury,formula I,3
Charlotte Tilbury,formula I have,3
Charlotte Tilbury,like a formula,3
Charlotte Tilbury,look at,3
Charlotte Tilbury,look at that,3
Charlotte Tilbury,not a color,3
Charlotte Tilbury,thing look,3
Charlotte Tilbury,thing look at,3
Charlotte Tilbury,Beautiful Skin Sun,2
Charlotte Tilbury,Glow Bronzer,2
Charlotte Tilbury,Glow Tint,2
Charlotte Tilbury,Kissed Glow,2
Charlotte Tilbury,Kissed Glow Bronzer,2
Charlotte Tilbury,Sheer,2
Charlotte Tilbury,Sheer Glow,2
Charlotte Tilbury,Sheer Glow Tint,2
Charlotte Tilbury,Skin Sheer,2
Charlotte Tilbury,Skin Sheer Glow,2
Charlotte Tilbury,Skin Sun,2
Charlotte Tilbury,Sun-Kissed,2
Charlotte Tilbury,Tilbury Unreal Skin,2
Charlotte Tilbury,Unreal Skin,2
Charlotte Tilbury,Unreal Skin Sheer,2
Charlotte Tilbury,matte,2
Charlotte Tilbury,the Beautiful Skin,2
Charlotte Tilbury,Glow Talk,1
Charlotte Tilbury,Glow Talk by,1
Charlotte Tilbury,Glow Tint Foundation,1
Charlotte Tilbury,Glow Tint Stick,1
Charlotte Tilbury,Tilbury Skin,1
Charlotte Tilbury,a velvety matte,1
Charlotte Tilbury,finish that,1
Charlotte Tilbury,finish that lasts,1
Charlotte Tilbury,glowy,1
Charlotte Tilbury,is more glowy,1
Charlotte Tilbury,is the matte,1
Charlotte Tilbury,matte finish,1
Charlotte Tilbury,matte finish that,1
Charlotte Tilbury,matte shade,1
Charlotte Tilbury,matte shade and,1
Charlotte Tilbury,mini skincare,1
Charlotte Tilbury,mini skincare from,1
Charlotte Tilbury,more glowy,1
Charlotte Tilbury,much mini skincare,1
Charlotte Tilbury,on the skin,1
Charlotte Tilbury,skincare from,1
Charlotte Tilbury,skincare from Tatcha,1
Charlotte Tilbury,the matte,1
Charlotte Tilbury,the matte shade,1
Charlotte Tilbury,the skin,1
Charlotte Tilbury,velvety,1
Charlotte Tilbury,velvety matte,1
Charlotte Tilbury,velvety matte finish,1
Clarins,Dior Rosy Glow,1
Clarins,Glow,1
Clarins,Glow Blush,1
Clarins,Luminous,1
Clarins,Rosy Glow,1
Clarins,Rosy Glow Blush,1
Clarins,blend,1
Clarins,luminous,1
DIOR,Glow,54
DIOR,Forever Skin,38
DIOR,Dior Forever Skin,29
DIOR,Dior Glow,16
DIOR,Dior Rosy Glow,15
DIOR,Glow Blush,15
DIOR,Luminous,15
DIOR,Rosy Glow,15
DIOR,Rosy Glow Blush,15
DIOR,blend,15
DIOR,Forever Skin Glow,12
DIOR,Glow Foundation,12
DIOR,Skin Glow,12
DIOR,Skin Glow Foundation,12
DIOR,shade Rosy Glow,11
DIOR,Beautiful Skin,9
DIOR,Beautiful Skin by,9
DIOR,Forever Skin Contour,9
DIOR,Forever Skin Perfector,9
DIOR,Skin Contour,9
DIOR,Skin Contour by,9
DIOR,Skin Perfector,9
DIOR,Skin Perfector Foundation,9
DIOR,Skin by,9
DIOR,Skin by Charlotte,9
DIOR,are Beautiful Skin,9
DIOR,Dior Glow Face,8
DIOR,Dior Glow Palette,8
DIOR,Forever Skin Perfect,8
DIOR,Glow Face,8
DIOR,Glow Face Palette,8
DIOR,Glow Palette,8
DIOR,Skin Perfect,8
DIOR,Skin Perfect Foundation,8
DIOR,the Dior Glow,8
DIOR,Flawless,5
DIOR,Labs the pigmentation,4
DIOR,bit of pigment,4
DIOR,cheek look,4
DIOR,cheek look like,4
DIOR,has pigment,4
DIOR,has pigment but,4
DIOR,it has pigment,4
DIOR,look how,4
DIOR,look how beautiful,4
DIOR,look like,4
DIOR,look like it,4
DIOR,of pigment,4
DIOR,of pigment is,4
DIOR,on today look,4
DIOR,pigment but,4
DIOR,pigment but it,4
DIOR,pigment is,4
DIOR,pigment is noticeable,4
DIOR,pigmentation and,4
DIOR,pigmentation and the,4
DIOR,pigmentation is,4
DIOR,pigmentation is very,4
DIOR,the pigmentation,4
DIOR,the pigmentation and,4
DIOR,the pigmentation is,4
DIOR,think the pigmentation,4
DIOR,today look,4
DIOR,today look how,4
DIOR,waterproof,4
DIOR,your cheek look,4
DIOR,Dior Skin,3
DIOR,Dior Skin Entour,3
DIOR,Sculpting,3
DIOR,Skin Entour,3
DIOR,Skin Entour thing,3
DIOR,the Dior Skin,3
DIOR,a color,2
DIOR,a color that,2
DIOR,color that,2
DIOR,color that I,2
DIOR,And to finish,1
DIOR,Glass effect,1
DIOR,Then the finishing,1
DIOR,finish off,1
DIOR,finishing touches,1
DIOR,finishing touches are,1
DIOR,luminous,1
DIOR,the finishing,1
DIOR,the finishing touches,1
DIOR,this Glass effect,1
DIOR,to finish,1
DIOR,to finish off,1
DIOR,viral,1
DUO,Duo color,1
DUO,absolutely beautiful finishes,1
DUO,and with coverage,1
DUO,are looking,1
DUO,are looking for,1
DUO,beautiful finishes,1
DUO,beautiful finishes jibanshi,1
DUO,bit more coverage,1
DUO,color and,1
DUO,color and with,1
DUO,color on,1
DUO,color on your,1
DUO,coverage Patrick,1
DUO,coverage Patrick Ta,1
DUO,coverage that,1
DUO,coverage that house,1
DUO,coverage to,1
DUO,coverage to it,1
DUO,finishes jibanshi,1
DUO,finishes jibanshi huda,1
DUO,looking for,1
DUO,looking for a,1
DUO,love the coverage,1
DUO,more coverage,1
DUO,more coverage to,1
DUO,natural skin,1
DUO,neutral,1
DUO,recharged color,1
DUO,recharged color and,1
DUO,shimmering,1
DUO,so the color,1
DUO,the color,1
DUO,the color on,1
DUO,the coverage,1
DUO,the coverage that,1
DUO,translucent,1
DUO,with coverage,1
DUO,with coverage Patrick,1
DUO,you are looking,1
Dermalogica,Dermalogica Skin,2
Dermalogica,Dermalogica Skin Smoothing,2
Dermalogica,Skin Smoothing,2
Dermalogica,Skin Smoothing Cream,2
Dermalogica,Smoothing,2
Dermalogica,the Dermalogica Skin,2
Dermalogica,Brightening,1
Drunk Elephant,vitamin C,12
Drunk Elephant,And to finish,1
Drunk Elephant,Drunk Elephant Hydration,1
Drunk Elephant,Elephant Hydration,1
Drunk Elephant,Elephant Hydration Serum,1
Drunk Elephant,Flawless,1
Drunk Elephant,Glow,1
Drunk Elephant,Hydration,1
Drunk Elephant,Hydration Serum,1
Drunk Elephant,Hydration Serum and,1
Drunk Elephant,Illuminating,1
Drunk Elephant,Mattifying,1
Drunk Elephant,Now a moisturizing,1
Drunk Elephant,a moisturizing,1
Drunk Elephant,a moisturizing cream,1
Drunk Elephant,and skincare,1
Drunk Elephant,and skincare samples,1
Drunk Elephant,bag and skincare,1
Drunk Elephant,from Glow,1
Drunk Elephant,from Glow Recipe,1
Drunk Elephant,moisturizing,1
Drunk Elephant,moisturizing cream,1
Drunk Elephant,samples from Glow,1
Drunk Elephant,skincare samples,1
Drunk Elephant,skincare samples from,1
Drunk Elephant,tinted,1
Drunk Elephant,to finish,1
Fenty Skin,Fenty Skin,3
Fenty Skin,Fenty Skin Body,1
Fenty Skin,Fenty Skin Hydrovisor,1
Fenty Skin,Fenty Skin cleanser,1
Fenty Skin,Skin Body,1
Fenty Skin,Skin Body Butter,1
Fenty Skin,Skin Hydrovisor,1
Fenty Skin,Skin Hydrovisor Hues,1
Fenty Skin,Skin cleanser,1
Fenty Skin,Skin cleanser is,1
Fenty Skin,a few skincare,1
Fenty Skin,few skincare,1
Fenty Skin,few skincare samples,1
Fenty Skin,skincare samples,1
Fenty Skin,skincare samples as,1
Fenty Skin,the Fenty Skin,1
Fenty Skin,this Fenty Skin,1
First Aid Beauty,aid beauty sunscreen,1
First Aid Beauty,beauty sunscreen,1
Givenchy,Flawless,1
Glow Recipe,Glow,9
Glow Recipe,Glow Recipe,7
Glow Recipe,glow,4
Glow Recipe,glow recipe,4
Glow Recipe,the Glow,4
Glow Recipe,the Glow Recipe,4
Glow Recipe,viral,4
Glow Recipe,30 this Glow,2
Glow Recipe,Glow Recipe neoacinamide,2
Glow Recipe,Glow Recipe set,2
Glow Recipe,and the toner,2
Glow Recipe,are the Glow,2
Glow Recipe,from Glow,2
Glow Recipe,from Glow Recipe,2
Glow Recipe,glow recipe kit,2
Glow Recipe,got this glow,2
Glow Recipe,the glow,2
Glow Recipe,the glow recipe,2
Glow Recipe,the toner,2
Glow Recipe,this Glow,2
Glow Recipe,this Glow Recipe,2
Glow Recipe,this glow,2
Glow Recipe,this glow recipe,2
Glow Recipe,And then Glow,1
Glow Recipe,Dewdrops from Glow,1
Glow Recipe,Glow Recipe Dew,1
Glow Recipe,Glow Recipe Toner,1
Glow Recipe,Glow Recipe just,1
Glow Recipe,Recipe Toner,1
Glow Recipe,and skincare,1
Glow Recipe,and skincare samples,1
Glow Recipe,bag and skincare,1
Glow Recipe,cute toner,1
Glow Recipe,finish it,1
Glow Recipe,finish using,1
Glow Recipe,finish using them,1
Glow Recipe,glow recipe cleansing,1
Glow Recipe,glow recipe toner,1
Glow Recipe,got the glow,1
Glow Recipe,is the Glow,1
Glow Recipe,mattifying,1
Glow Recipe,never finish,1
Glow Recipe,never finish it,1
Glow Recipe,never finish using,1
Glow Recipe,really cute toner,1
Glow Recipe,recipe toner,1
Glow Recipe,recipe toner these,1
Glow Recipe,samples from Glow,1
Glow Recipe,shiny,1
Glow Recipe,skincare samples,1
Glow Recipe,skincare samples from,1
Glow Recipe,then Glow,1
Glow Recipe,then Glow Recipe,1
Glow Recipe,tinted,1
Glow Recipe,toner these,1
Glow Recipe,toner these lip,1
Glow Recipe,while the glow,1
Glow Recipe,will never finish,1
Glow Recipe,with the Glow,1
HUDA BEAUTY,And to finish,8
HUDA BEAUTY,Flawless,8
HUDA BEAUTY,Illuminating,8
HUDA BEAUTY,Mattifying,8
HUDA BEAUTY,to finish,8
HUDA BEAUTY,Color Corrector,4
HUDA BEAUTY,Color Corrector in,4
HUDA BEAUTY,Filter Color,4
HUDA BEAUTY,Filter Color Corrector,4
HUDA BEAUTY,Fox Filter Color,4
HUDA BEAUTY,blur the tone,4
HUDA BEAUTY,on your skin,4
HUDA BEAUTY,skin tone,4
HUDA BEAUTY,skin tone this,4
HUDA BEAUTY,the tone,4
HUDA BEAUTY,the tone a,4
HUDA BEAUTY,tone a,4
HUDA BEAUTY,tone a little,4
HUDA BEAUTY,tone this,4
HUDA BEAUTY,tone this one,4
HUDA BEAUTY,your skin,4
HUDA BEAUTY,your skin tone,4
HUDA BEAUTY,oily skin,3
HUDA BEAUTY,Glow,2
HUDA BEAUTY,Obviously the formula,2
HUDA BEAUTY,formula,2
HUDA BEAUTY,formula is,2
HUDA BEAUTY,formula is still,2
HUDA BEAUTY,have oily skin,2
HUDA BEAUTY,neutral,2
HUDA BEAUTY,oily skin and,2
HUDA BEAUTY,skin and,2
HUDA BEAUTY,the formula,2
HUDA BEAUTY,the formula is,2
HUDA BEAUTY,viral,2
HUDA BEAUTY,30 this Glow,1
HUDA BEAUTY,Dior Rosy Glow,1
HUDA BEAUTY,Glow Blush,1
HUDA BEAUTY,Glow Recipe,1
HUDA BEAUTY,Glow Recipe set,1
HUDA BEAUTY,Luminous,1
HUDA BEAUTY,Rosy Glow,1
HUDA BEAUTY,Rosy Glow Blush,1
HUDA BEAUTY,a cream color,1
HUDA BEAUTY,a matte,1
HUDA BEAUTY,a matte skin,1
HUDA BEAUTY,absolutely beautiful finishes,1
HUDA BEAUTY,and a matte,1
HUDA BEAUTY,beautiful finishes,1
HUDA BEAUTY,beautiful finishes jibanshi,1
HUDA BEAUTY,bit more coverage,1
HUDA BEAUTY,blend,1
HUDA BEAUTY,color that,1
HUDA BEAUTY,color that has,1
HUDA BEAUTY,combination skin,1
HUDA BEAUTY,coverage that,1
HUDA BEAUTY,coverage that house,1
HUDA BEAUTY,coverage to,1
HUDA BEAUTY,coverage to it,1
HUDA BEAUTY,cream color,1
HUDA BEAUTY,cream color that,1
HUDA BEAUTY,finishes jibanshi,1
HUDA BEAUTY,finishes jibanshi huda,1
HUDA BEAUTY,have combination skin,1
HUDA BEAUTY,juicier finish,1
HUDA BEAUTY,looks like,1
HUDA BEAUTY,looks like a,1
HUDA BEAUTY,love the coverage,1
HUDA BEAUTY,luminous,1
HUDA BEAUTY,luminous finish,1
HUDA BEAUTY,matte,1
HUDA BEAUTY,matte skin,1
HUDA BEAUTY,matte skin that,1
HUDA BEAUTY,more coverage,1
HUDA BEAUTY,more coverage to,1
HUDA BEAUTY,more luminous finish,1
HUDA BEAUTY,oily skin I,1
HUDA BEAUTY,skin I,1
HUDA BEAUTY,skin I am,1
HUDA BEAUTY,skin and a,1
HUDA BEAUTY,skin and want,1
HUDA BEAUTY,skin that,1
HUDA BEAUTY,skin that looks,1
HUDA BEAUTY,slightly juicier finish,1
HUDA BEAUTY,that looks,1
HUDA BEAUTY,that looks like,1
HUDA BEAUTY,the coverage,1
HUDA BEAUTY,the coverage that,1
HUDA BEAUTY,this Glow,1
HUDA BEAUTY,this Glow Recipe,1
HUDA BEAUTY,with oily skin,1
Hourglass,Translucent,4
Hourglass,face to look,4
Hourglass,look like,4
Hourglass,look like a,4
Hourglass,to look,4
Hourglass,to look like,4
Hourglass,translucent,3
Hourglass,Hydrating,2
Hourglass,Hydrating Skin,2
Hourglass,Hydrating Skin Tint,2
Hourglass,Skin Tint,2
Hourglass,Veil Hydrating Skin,2
Hourglass,luminous,2
Hourglass,luminous finish,2
Hourglass,more luminous finish,2
Hourglass,skin tint,2
Hourglass,Hourglass skin,1
Hourglass,Hourglass skin tint,1
Hourglass,Just look,1
Hourglass,Just look at,1
Hourglass,These formulas,1
Hourglass,These formulas are,1
Hourglass,Tilbury Skin,1
Hourglass,all over glow,1
Hourglass,dry skin,1
Hourglass,formulas are,1
Hourglass,formulas are just,1
Hourglass,glossy,1
Hourglass,glow,1
Hourglass,got this skin,1
Hourglass,have dry skin,1
Hourglass,look at,1
Hourglass,look at how,1
Hourglass,lot of coverage,1
Hourglass,more natural finish,1
Hourglass,most skin,1
Hourglass,my skin,1
Hourglass,my skin is,1
Hourglass,natural finish,1
Hourglass,of coverage,1
Hourglass,over glow,1
Hourglass,radiant,1
Hourglass,radiant skin,1
Hourglass,radiant skin look,1
Hourglass,skin is,1
Hourglass,skin is a,1
Hourglass,skin look,1
Hourglass,skin tint for,1
Hourglass,skin-like,1
Hourglass,the most skin,1
Hourglass,the radiant skin,1
Hourglass,this skin,1
Hourglass,this skin tint,1
Hourglass,when my skin,1
IT Cosmetics,39 Revitalize Skin,3
IT Cosmetics,Glow,3
IT Cosmetics,Glow by,3
IT Cosmetics,Glow by Shiseido,3
IT Cosmetics,Revitalize Skin,3
IT Cosmetics,Revitalize Skin Glow,3
IT Cosmetics,Skin Glow,3
IT Cosmetics,Skin Glow by,3
Iconic London,Glow,3
Iconic London,Glow Spray,3
Iconic London,Glow Spray in,3
Iconic London,Prep Set Glow,3
Iconic London,Set Glow,3
Iconic London,Set Glow Spray,3
Iconic London,original color,3
Iconic London,the original color,3
Iconic London,Cool,2
KVD Beauty,Dior Rosy Glow,6
KVD Beauty,Glow,6
KVD Beauty,Glow Blush,6
KVD Beauty,Luminous,6
KVD Beauty,Rosy Glow,6
KVD Beauty,Rosy Glow Blush,6
KVD Beauty,blend,6
Kosas,also looks,1
Kosas,also looks amazing,1
Kosas,looks amazing,1
Kosas,looks amazing without,1
Kosas,one also looks,1
LANEIGE,Glow,1
LANEIGE,and skincare,1
LANEIGE,and skincare samples,1
LANEIGE,bag and skincare,1
LANEIGE,from Glow,1
LANEIGE,from Glow Recipe,1
LANEIGE,mini skincare,1
LANEIGE,mini skincare from,1
LANEIGE,much mini skincare,1
LANEIGE,samples from Glow,1
LANEIGE,skincare from,1
LANEIGE,skincare from Tatcha,1
LANEIGE,skincare samples,1
LANEIGE,skincare samples from,1
LANEIGE,tinted,1
La Mer,the toner,1
La Mer,with the toner,1
Laura Mercier,Translucent,8
Laura Mercier,translucent,6
MAKE UP FOR EVER,Glow,15
MAKE UP FOR EVER,Hydra Glow,15
MAKE UP FOR EVER,your skin,15
MAKE UP FOR EVER,And to finish,12
MAKE UP FOR EVER,Flawless,12
MAKE UP FOR EVER,Illuminating,12
MAKE UP FOR EVER,Mattifying,12
MAKE UP FOR EVER,to finish,12
MAKE UP FOR EVER,a juicy finish,8
MAKE UP FOR EVER,hydrate,8
MAKE UP FOR EVER,hydrate your skin,8
MAKE UP FOR EVER,juicy finish,8
MAKE UP FOR EVER,provide sun protection,8
MAKE UP FOR EVER,skin to,8
MAKE UP FOR EVER,skin to feel,8
MAKE UP FOR EVER,sun protection,8
MAKE UP FOR EVER,want your skin,8
MAKE UP FOR EVER,your skin to,8
MAKE UP FOR EVER,Glow makes,7
MAKE UP FOR EVER,Glow makes your,7
MAKE UP FOR EVER,Hydra Glow makes,7
MAKE UP FOR EVER,They are matte,7
MAKE UP FOR EVER,a creamy finish,7
MAKE UP FOR EVER,are matte,7
MAKE UP FOR EVER,are matte but,7
MAKE UP FOR EVER,creamy,7
MAKE UP FOR EVER,creamy finish,7
MAKE UP FOR EVER,effect as,7
MAKE UP FOR EVER,effect as you,7
MAKE UP FOR EVER,finish and,7
MAKE UP FOR EVER,finish and it,7
MAKE UP FOR EVER,have texture,7
MAKE UP FOR EVER,have texture on,7
MAKE UP FOR EVER,hydrates your skin,7
MAKE UP FOR EVER,impressive pearly finish,7
MAKE UP FOR EVER,light effect,7
MAKE UP FOR EVER,light effect as,7
MAKE UP FOR EVER,look amazing,7
MAKE UP FOR EVER,luminous,7
MAKE UP FOR EVER,makes your skin,7
MAKE UP FOR EVER,matte,7
MAKE UP FOR EVER,matte but,7
MAKE UP FOR EVER,matte but they,7
MAKE UP FOR EVER,on your skin,7
MAKE UP FOR EVER,pearly finish,7
MAKE UP FOR EVER,pearly finish and,7
MAKE UP FOR EVER,skin look,7
MAKE UP FOR EVER,skin look amazing,7
MAKE UP FOR EVER,skin the,7
MAKE UP FOR EVER,skin the powder,7
MAKE UP FOR EVER,texture,7
MAKE UP FOR EVER,texture on,7
MAKE UP FOR EVER,texture on your,7
MAKE UP FOR EVER,that the tones,7
MAKE UP FOR EVER,the Hydra Glow,7
MAKE UP FOR EVER,the tones,7
MAKE UP FOR EVER,the tones are,7
MAKE UP FOR EVER,tones are,7
MAKE UP FOR EVER,tones are beautiful,7
MAKE UP FOR EVER,wet light effect,7
MAKE UP FOR EVER,you have texture,7
MAKE UP FOR EVER,your skin look,7
MAKE UP FOR EVER,your skin the,7
MAKE UP FOR EVER,Artist Color,5
MAKE UP FOR EVER,Artist Color Pencil,5
MAKE UP FOR EVER,Color Pencil,5
MAKE UP FOR EVER,Color Pencil Extreme,5
MAKE UP FOR EVER,Ever Artist Color,5
MAKE UP FOR EVER,HD Skin,5
MAKE UP FOR EVER,HD Skin Matte,5
MAKE UP FOR EVER,Matte,5
MAKE UP FOR EVER,Matte Velvet,5
MAKE UP FOR EVER,Matte Velvet look,5
MAKE UP FOR EVER,Skin Matte,5
MAKE UP FOR EVER,Skin Matte Velvet,5
MAKE UP FOR EVER,Velvet look,5
MAKE UP FOR EVER,Velvet look gorgeous,5
MAKE UP FOR EVER,look gorgeous,5
MAKE UP FOR EVER,look gorgeous on,5
MAKE UP FOR EVER,on the skin,5
MAKE UP FOR EVER,the HD Skin,5
MAKE UP FOR EVER,the skin,5
MAKE UP FOR EVER,viral,3
MAKE UP FOR EVER,are looking,1
MAKE UP FOR EVER,are looking for,1
MAKE UP FOR EVER,dupe,1
MAKE UP FOR EVER,looking for,1
MAKE UP FOR EVER,looking for an,1
MAKE UP FOR EVER,you are looking,1
MAKEUP BY MARIO,Master Matte,6
MAKEUP BY MARIO,Master Matte Palette,6
MAKEUP BY MARIO,Matte,6
MAKEUP BY MARIO,Glow,5
MAKEUP BY MARIO,and skincare,5
MAKEUP BY MARIO,and skincare samples,5
MAKEUP BY MARIO,bag and skincare,5
MAKEUP BY MARIO,from Glow,5
MAKEUP BY MARIO,from Glow Recipe,5
MAKEUP BY MARIO,samples from Glow,5
MAKEUP BY MARIO,skincare samples,5
MAKEUP BY MARIO,skincare samples from,5
MAKEUP BY MARIO,tinted,5
MAKEUP BY MARIO,Creamy,2
MAKEUP BY MARIO,Mario Skin,2
MAKEUP BY MARIO,Mario Skin Enhancer,2
MAKEUP BY MARIO,Radiant,2
MAKEUP BY MARIO,Serial Skin,2
MAKEUP BY MARIO,Serial Skin Awakening,2
MAKEUP BY MARIO,Skin Awakening,2
MAKEUP BY MARIO,Skin Awakening Concealer,2
MAKEUP BY MARIO,Skin Enhancer,2
MAKEUP BY MARIO,by Mario Skin,2
MAKEUP BY MARIO,Neutral,1
MAKEUP BY MARIO,Tilbury Skin,1
MAKEUP BY MARIO,bronzed look,1
MAKEUP BY MARIO,natural bronzed look,1
MERIT,Atelier and look,1
MERIT,Color Pomegranate,1
MERIT,Cool,1
MERIT,Ethereal Eyes Look,1
MERIT,Eyes Look,1
MERIT,Eyes Look at,1
MERIT,Look at,1
MERIT,Look at these,1
MERIT,and look,1
MERIT,and look how,1
MERIT,at these colors,1
MERIT,last Color,1
MERIT,last Color Pomegranate,1
MERIT,look how,1
MERIT,look how cute,1
MERIT,these colors,1
MERIT,they last Color,1
NARS,Radiant,64
NARS,Creamy,63
NARS,Glow,24
NARS,viral,24
NARS,Skin Glow,17
NARS,39 Revitalize Skin,12
NARS,Glow by,12
NARS,Glow by Shiseido,12
NARS,Revitalize Skin,12
NARS,Revitalize Skin Glow,12
NARS,Skin Glow by,12
NARS,dupe,8
NARS,Dior Rosy Glow,7
NARS,Glow Blush,7
NARS,Luminous,7
NARS,Rosy Glow,7
NARS,Rosy Glow Blush,7
NARS,blend,7
NARS,Glow from,5
NARS,Glow from Shiseido,5
NARS,Revitalisense Skin,5
NARS,Revitalisense Skin Glow,5
NARS,Skin Glow from,5
NARS,finish it,5
NARS,finish using,5
NARS,finish using them,5
NARS,glow,5
NARS,glow recipe,5
NARS,glow recipe toner,5
NARS,mattifying,5
NARS,never finish,5
NARS,never finish it,5
NARS,never finish using,5
NARS,recipe toner,5
NARS,recipe toner these,5
NARS,shiny,5
NARS,the Revitalisense Skin,5
NARS,the glow,5
NARS,the glow recipe,5
NARS,toner these,5
NARS,toner these lip,5
NARS,while the glow,5
NARS,will never finish,5
NARS,Serial Skin,3
NARS,Serial Skin Awakening,3
NARS,Skin Awakening,3
NARS,Skin Awakening Concealer,3
NARS,Tinted,2
NARS,foundations or skin,2
NARS,or skin,2
NARS,or skin tints,2
NARS,skin tints,2
NARS,skin tints for,2
NARS,translucent,2
NARS,color Vienna,1
NARS,in the color,1
NARS,luminous,1
NARS,luminous finish,1
NARS,more luminous finish,1
NARS,the color,1
NARS,the color Vienna,1
NATASHA DENONA,Brightening,2
NATASHA DENONA,coverage for,1
NATASHA DENONA,coverage for the,1
NATASHA DENONA,flawless,1
NATASHA DENONA,for the finish,1
NATASHA DENONA,matte,1
NATASHA DENONA,matte coverage,1
NATASHA DENONA,matte coverage for,1
NATASHA DENONA,the finish,1
NATASHA DENONA,want matte,1
NATASHA DENONA,want matte coverage,1
NATASHA DENONA,you want matte,1
PATRICK TA,and with coverage,3
PATRICK TA,are looking,3
PATRICK TA,are looking for,3
PATRICK TA,color and,3
PATRICK TA,color and with,3
PATRICK TA,color on,3
PATRICK TA,color on your,3
PATRICK TA,coverage Patrick,3
PATRICK TA,coverage Patrick Ta,3
PATRICK TA,looking for,3
PATRICK TA,looking for a,3
PATRICK TA,natural skin,3
PATRICK TA,recharged color,3
PATRICK TA,recharged color and,3
PATRICK TA,so the color,3
PATRICK TA,the color,3
PATRICK TA,the color on,3
PATRICK TA,translucent,3
PATRICK TA,with coverage,3
PATRICK TA,with coverage Patrick,3
PATRICK TA,you are looking,3
PATRICK TA,neutral,2
PATRICK TA,combination skin,1
PATRICK TA,cool,1
PATRICK TA,have combination skin,1
PATRICK TA,is the matte,1
PATRICK TA,matte,1
PATRICK TA,matte eye,1
PATRICK TA,matte eye palette,1
PATRICK TA,oily skin,1
PATRICK TA,oily skin I,1
PATRICK TA,skin I,1
PATRICK TA,skin I am,1
PATRICK TA,the matte,1
PATRICK TA,the matte eye,1
PATRICK TA,warm,1
PATRICK TA,with oily skin,1
Peter Thomas Roth,glossy,1
Peter Thomas Roth,waterproof,1
SEPHORA COLLECTION,a soft matte,6
SEPHORA COLLECTION,different finishes,6
SEPHORA COLLECTION,matte,6
SEPHORA COLLECTION,matte and,6
SEPHORA COLLECTION,matte and a,6
SEPHORA COLLECTION,soft matte,6
SEPHORA COLLECTION,soft matte and,6
SEPHORA COLLECTION,two different finishes,6
SEPHORA COLLECTION,been reformulated,2
SEPHORA COLLECTION,been reformulated and,2
SEPHORA COLLECTION,have been reformulated,2
SEPHORA COLLECTION,reformulated and,2
SEPHORA COLLECTION,reformulated and they,2
SEPHORA COLLECTION,warm,2
Saie,Glowy,4
Saie,Glowy Gel,3
Saie,Glowy Gel gives,3
Saie,Saie Super Glowy,3
Saie,Super Glowy,3
Saie,Super Glowy Gel,3
Saie,beautiful natural glow,3
Saie,glow,3
Saie,glow under,3
Saie,glow under your,3
Saie,natural glow,3
Saie,natural glow under,3
Saie,Glowy Star,1
Saie,Glowy Star Gel,1
Saie,Saie Glowy,1
Saie,Saie Glowy Star,1
Saie,This Saie Glowy,1
Shiseido,Glow,7
Shiseido,Skin Glow,7
Shiseido,Glow Foundation,3
Shiseido,Glow from,3
Shiseido,Glow from Shiseido,3
Shiseido,Revitalisense Skin,3
Shiseido,Revitalisense Skin Glow,3
Shiseido,Revitalizing,3
Shiseido,Revitalizing Skin,3
Shiseido,Revitalizing Skin Glow,3
Shiseido,Shiseido Revitalizing Skin,3
Shiseido,Skin Glow Foundation,3
Shiseido,Skin Glow from,3
Shiseido,the Revitalisense Skin,3
Shiseido,39 Revitalize Skin,1
Shiseido,Glow by,1
Shiseido,Glow by Shiseido,1
Shiseido,Revitalize Skin,1
Shiseido,Revitalize Skin Glow,1
Shiseido,Skin Glow by,1
Sol de Janeiro,viral,3
Sol de Janeiro,30 this Glow,1
Sol de Janeiro,Glow,1
Sol de Janeiro,Glow Recipe,1
Sol de Janeiro,Glow Recipe set,1
Sol de Janeiro,same color,1
Sol de Janeiro,the same color,1
Sol de Janeiro,this Glow,1
Sol de Janeiro,this Glow Recipe,1
Summer Fridays,hydration,1
Summer Fridays,hydration mist,1
Summer Fridays,skin soothing,1
Summer Fridays,soothing,1
TOM FORD,prettiest colors,1
TOM FORD,the prettiest colors,1
TWEEZERMAN,beautiful effect,2
TWEEZERMAN,most beautiful effect,2
Tatcha,mini skincare,1
Tatcha,mini skincare from,1
Tatcha,much mini skincare,1
Tatcha,skincare from,1
Tatcha,skincare from Tatcha,1
The Ordinary,moisturize my skin,1
The Ordinary,my skin,1
The Ordinary,my skin a,1
The Ordinary,skin a,1
The Ordinary,skin a little,1
Too Faced,and this color,52
Too Faced,color is,52
Too Faced,color is divine,52
Too Faced,hydrated,52
Too Faced,this color,52
Too Faced,this color is,52
Too Faced,And to finish,10
Too Faced,Flawless,10
Too Faced,Illuminating,10
Too Faced,Mattifying,10
Too Faced,to finish,10
Too Faced,Waterproof,3
Too Faced,shiny,2
Too Faced,Faced bronzer looks,1
Too Faced,a matte,1
Too Faced,a matte finish,1
Too Faced,bronzer looks,1
Too Faced,creamy,1
Too Faced,formula,1
Too Faced,formula anywhere,1
Too Faced,formula anywhere else,1
Too Faced,have a matte,1
Too Faced,have less pigment,1
Too Faced,less pigment,1
Too Faced,less pigment than,1
Too Faced,look at,1
Too Faced,look at how,1
Too Faced,look how,1
Too Faced,look how beautiful,1
Too Faced,matte,1
Too Faced,matte finish,1
Too Faced,pigment than,1
Too Faced,pigment than the,1
Too Faced,silky,1
Too Faced,this formula,1
Too Faced,this formula anywhere,1
Too Faced,tried this formula,1
Urban Decay,These formulas,1
Urban Decay,These formulas are,1
Urban Decay,formulas are,1
Urban Decay,formulas are both,1
Urban Decay,kind of skinify,1
Urban Decay,of skinify,1
Urban Decay,of skinify the,1
Urban Decay,skinify the,1
Urban Decay,skinify the makeup,1
Westman Atelier,Atelier Matte,2
Westman Atelier,Atelier Matte lipstick,2
Westman Atelier,Drops or Skin,2
Westman Atelier,Matte,2
Westman Atelier,Matte lipstick,2
Westman Atelier,Skin Drops,2
Westman Atelier,Skin Drops or,2
Westman Atelier,Skin Tint,2
Westman Atelier,Skin Tint but,2
Westman Atelier,Westman Atelier Matte,2
Westman Atelier,is Skin,2
Westman Atelier,is Skin Drops,2
Westman Atelier,or Skin,2
Westman Atelier,or Skin Tint,2
Westman Atelier,which is Skin,2
Westman Atelier,color Nectar,1
Westman Atelier,in the color,1
Westman Atelier,the color,1
Westman Atelier,the color Nectar,1
Youth To The People,mini skincare,1
Youth To The People,mini skincare from,1
Youth To The People,much mini skincare,1
Youth To The People,skincare from,1
Youth To The People,skincare from Tatcha,1
fresh,I looked,9
fresh,I looked at,9
fresh,cool,9
fresh,cool glow,9
fresh,cool glow to,9
fresh,glow,9
fresh,glow to,9
fresh,glow to the,9
fresh,looked at,9
fresh,looked at it,9
fresh,very cool glow,9
goop,Goop with color,1
goop,If your skin,1
goop,This sunscreen,1
goop,This sunscreen from,1
goop,color 20C,1
goop,color 20C has,1
goop,skin is,1
goop,skin is prone,1
goop,sunscreen from,1
goop,sunscreen from Super,1
goop,use sunscreens,1
goop,with color,1
goop,with color 20C,1
goop,you use sunscreens,1
goop,your skin,1
goop,your skin is,1
tarte,viral,9
tarte,dupe,3
tarte,Radiant,2
tarte,Cool,1
tarte,Glow,1
tarte,and skincare,1
tarte,and skincare samples,1
tarte,bag and skincare,1
tarte,from Glow,1
tarte,from Glow Recipe,1
tarte,looks with,1
tarte,of looks,1
tarte,of looks with,1
tarte,samples from Glow,1
tarte,skincare samples,1
tarte,skincare samples from,1
tarte,tinted,1
tarte,types of looks,1
