Producto,Tipo de Atributo,Frecuencia
#10 Radiant Creamy Concealer Brush,NGRAM_ATTRIBUTE,8
#10 Radiant Creamy Concealer Brush,GLOSSY_FINISH,5
#10 Radiant Creamy Concealer Brush,TEXTURE,3
#10 Radiant Creamy Concealer Brush,FORMULA,1
#10 Radiant Creamy Concealer Brush (NARS),GLOSSY_FINISH,1
#10 Radiant Creamy Concealer Brush (NARS),TEXTURE,1
#109 HD Skin Foundation Brush,NGRAM_ATTRIBUTE,10
#109 HD Skin Foundation Brush,GLOSSY_FINISH,1
#109 HD Skin Foundation Brush,HYDRATION_MOISTURE,1
#109 HD Skin Foundation Brush,SUN_PROTECTION,1
#11 Soft Matte Complete Concealer Brush,NGRAM_ATTRIBUTE,4
#11 Soft Matte Complete Concealer Brush,GLOSSY_FINISH,2
#11 Soft Matte Complete Concealer Brush,FORMULA,1
#11 Soft Matte Complete Concealer Brush (NARS),GLOSSY_FINISH,1
#11 Soft Matte Complete Concealer Brush (NARS),TEXTURE,1
#118 HD Skin Hydra Glow Foundation Brush,NGRAM_ATTRIBUTE,10
#118 HD Skin Hydra Glow Foundation Brush,GLOSSY_FINISH,1
#118 HD Skin Hydra Glow Foundation Brush,HYDRATION_MOISTURE,1
#118 HD Skin Hydra Glow Foundation Brush,SUN_PROTECTION,1
#15 Precision Powder Brush,NGRAM_ATTRIBUTE,7
#15 Precision Powder Brush,COVERAGE,1
#15 Precision Powder Brush,GLOSSY_FINISH,1
#15 Precision Powder Brush (NARS),GLOSSY_FINISH,1
#15 Precision Powder Brush (NARS),TEXTURE,1
#16 Blush Brush,NGRAM_ATTRIBUTE,7
#16 Blush Brush,INDUSTRY_TERM,4
#16 Blush Brush,GLOSSY_FINISH,1
#16 Blush Brush (NARS),GLOSSY_FINISH,1
#16 Blush Brush (NARS),TEXTURE,1
#20 Allover Eyeshadow Brush,NGRAM_ATTRIBUTE,7
#20 Allover Eyeshadow Brush,GLOSSY_FINISH,1
#20 Allover Eyeshadow Brush (NARS),GLOSSY_FINISH,1
#20 Allover Eyeshadow Brush (NARS),TEXTURE,1
#22 Blending Brush,NGRAM_ATTRIBUTE,7
#22 Blending Brush,GLOSSY_FINISH,1
#22 Blending Brush (NARS),GLOSSY_FINISH,1
#22 Blending Brush (NARS),TEXTURE,1
#70 Pomade Brow Brush,NGRAM_ATTRIBUTE,4
#70 Pomade Brow Brush,GLOSSY_FINISH,2
#70 Pomade Brow Brush,FORMULA,1
#FauxFilter Brightening Under Eye Color Corrector,NGRAM_ATTRIBUTE,17
160 Blush Brush,INDUSTRY_TERM,4
160 Blush Brush,NGRAM_ATTRIBUTE,2
160 Blush Brush,GLOSSY_FINISH,1
160 Blush Brush,OIL_CONTROL,1
160 Blush Brush,PORE_MINIMIZING,1
Afterglow Irresistible Eyeshadow Palette (NARS),GLOSSY_FINISH,1
Afterglow Irresistible Eyeshadow Palette (NARS),TEXTURE,1
Afterglow Lip Balm - Laguna Collection (NARS),GLOSSY_FINISH,1
Afterglow Lip Balm - Laguna Collection (NARS),TEXTURE,1
Afterglow Lip Shine Gloss (NARS),GLOSSY_FINISH,1
Afterglow Lip Shine Gloss (NARS),TEXTURE,1
Afterglow Liquid Blush,NGRAM_ATTRIBUTE,7
Afterglow Liquid Blush,INDUSTRY_TERM,4
Afterglow Liquid Blush,GLOSSY_FINISH,1
Afterglow Liquid Blush (NARS),GLOSSY_FINISH,1
Afterglow Liquid Blush (NARS),TEXTURE,1
Afterglow Liquid Blush Duo Set ,NGRAM_ATTRIBUTE,7
Afterglow Liquid Blush Duo Set ,INDUSTRY_TERM,4
Afterglow Liquid Blush Duo Set ,GLOSSY_FINISH,1
Afterglow Liquid Blush Duo Set  (NARS),GLOSSY_FINISH,1
Afterglow Liquid Blush Duo Set  (NARS),TEXTURE,1
Afterglow Sensual Shine Hydrating Lipstick (NARS),GLOSSY_FINISH,1
Afterglow Sensual Shine Hydrating Lipstick (NARS),TEXTURE,1
Afterglow Tinted Lip Balm,NGRAM_ATTRIBUTE,5
Afterglow Tinted Lip Balm,COVERAGE,1
Afterglow Tinted Lip Balm (NARS),GLOSSY_FINISH,1
Afterglow Tinted Lip Balm (NARS),TEXTURE,1
Air Matte Liquid Lipstick,INDUSTRY_TERM,4
Air Matte Liquid Lipstick (NARS),GLOSSY_FINISH,1
Air Matte Liquid Lipstick (NARS),TEXTURE,1
Airbrush Flawless Finish Setting Powder,NGRAM_ATTRIBUTE,6
Airbrush Flawless Finish Setting Powder,PORE_MINIMIZING,5
Airbrush Flawless Finish Setting Powder,GLOSSY_FINISH,1
Airbrush Flawless Finish Setting Powder,OIL_CONTROL,1
Airbrush Flawless Longwear Foundation,PORE_MINIMIZING,3
Airbrush Flawless Longwear Foundation,NGRAM_ATTRIBUTE,2
Airbrush Flawless Longwear Foundation,GLOSSY_FINISH,1
Airbrush Flawless Longwear Foundation,OIL_CONTROL,1
Airbrush Flawless Waterproof Setting Spray,PORE_MINIMIZING,4
Airbrush Flawless Waterproof Setting Spray,NGRAM_ATTRIBUTE,2
Airbrush Flawless Waterproof Setting Spray,GLOSSY_FINISH,1
Airbrush Flawless Waterproof Setting Spray,OIL_CONTROL,1
Airbrush Flawless Waterproof Setting Spray,SKIN_TONE,1
Airbrush Matte Bronzer,NGRAM_ATTRIBUTE,38
Airbrush Matte Bronzer,MATTE_FINISH,4
Airbrush Matte Bronzer,GLOSSY_FINISH,2
Airbrush Matte Bronzer,PORE_MINIMIZING,2
Airbrush Matte Bronzer,GLOWY_FINISH,1
Airbrush Matte Bronzer,OIL_CONTROL,1
Airbrush Matte Bronzer,SUN_PROTECTION,1
Ambient® Powder Brush,NGRAM_ATTRIBUTE,5
Ambient® Powder Brush,COVERAGE,2
Aqua Resist Color Pencil Eyeliner,NGRAM_ATTRIBUTE,5
Artist Color Pencil Extreme Waterproof Lip Liner,NGRAM_ATTRIBUTE,5
Artist Color Pencil Longwear Eyeliner,NGRAM_ATTRIBUTE,5
Artist Color Pencil Longwear Lip Liner,NGRAM_ATTRIBUTE,5
Artist Longwear Skin-fusing Contour Powder,NGRAM_ATTRIBUTE,2
Artist Longwear Skin-fusing Contour Powder,GLOSSY_FINISH,1
Artist Longwear Skin-fusing Contour Powder,OIL_CONTROL,1
Artist Longwear Skin-fusing Contour Powder,PORE_MINIMIZING,1
Artist Longwear Skin-fusing Matte Powder Bronzer,NGRAM_ATTRIBUTE,43
Artist Longwear Skin-fusing Matte Powder Bronzer,GLOSSY_FINISH,2
Artist Longwear Skin-fusing Matte Powder Bronzer,TEXTURE,2
Artist Longwear Skin-fusing Matte Powder Bronzer,MATTE_FINISH,1
Artist Longwear Skin-fusing Powder Blush,NGRAM_ATTRIBUTE,2
Artist Longwear Skin-fusing Powder Blush,GLOSSY_FINISH,1
Artist Longwear Skin-fusing Powder Blush,OIL_CONTROL,1
Artist Longwear Skin-fusing Powder Blush,PORE_MINIMIZING,1
Artist Longwear Skin-fusing Powder Highlighter,NGRAM_ATTRIBUTE,43
Artist Longwear Skin-fusing Powder Highlighter,GLOSSY_FINISH,2
Artist Longwear Skin-fusing Powder Highlighter,TEXTURE,2
Artist Longwear Skin-fusing Powder Highlighter,MATTE_FINISH,1
B-Goldi™ Bright Illuminating Drops with 5% Niacinamide (Drunk Elephant),INGREDIENTS,2
BACKSTAGE Eyeshadow Palette,NGRAM_ATTRIBUTE,14
BACKSTAGE Eyeshadow Palette,GLOSSY_FINISH,3
BACKSTAGE Eyeshadow Palette,PORE_MINIMIZING,1
BACKSTAGE Glow Face Palette,NGRAM_ATTRIBUTE,9
BACKSTAGE Glow Face Palette,GLOSSY_FINISH,3
BACKSTAGE Lash Curler,GLOSSY_FINISH,1
BACKSTAGE Lash Curler,NGRAM_ATTRIBUTE,1
BACKSTAGE Lash Curler,PORE_MINIMIZING,1
Backstage Concealer,NGRAM_ATTRIBUTE,5
Backstage Concealer,GLOSSY_FINISH,3
Backstage Concealer,FORMULA,1
Backstage Concealer,PORE_MINIMIZING,1
Beautiful Skin Sun-Kissed Glow Cream Bronzer,NGRAM_ATTRIBUTE,16
Beautiful Skin Sun-Kissed Glow Cream Bronzer,GLOSSY_FINISH,1
Beautiful Skin Sun-Kissed Glow Cream Bronzer,SUN_PROTECTION,1
Beauty Highlighter Wand,NGRAM_ATTRIBUTE,20
Beauty Highlighter Wand,GLOSSY_FINISH,2
Beauty Highlighter Wand,INDUSTRY_TERM,2
Beauty Highlighter Wand,FIRMING,1
Beauty Highlighter Wand,MATTE_FINISH,1
Beauty Highlighter Wand,OIL_CONTROL,1
Beauty Highlighter Wand,PORE_MINIMIZING,1
Better Than Chocolate Eyeshadow Palette,NGRAM_ATTRIBUTE,2
Better Than Chocolate Eyeshadow Palette,GLOSSY_FINISH,1
Better Than Chocolate Eyeshadow Palette,OIL_CONTROL,1
Better Than Chocolate Eyeshadow Palette,PORE_MINIMIZING,1
Better Than Chocolate Eyeshadow Palette (Too Faced),NGRAM_ATTRIBUTE,5
Better Than Chocolate Eyeshadow Palette (Too Faced),GLOWY_FINISH,1
Better Than Sex Easy Glide Waterproof Liquid Eyeliner (Too Faced),NGRAM_ATTRIBUTE,5
Better Than Sex Easy Glide Waterproof Liquid Eyeliner (Too Faced),GLOWY_FINISH,1
Better Than Sex Foreplay Mascara Primer,NGRAM_ATTRIBUTE,2
Better Than Sex Foreplay Mascara Primer,GLOSSY_FINISH,1
Better Than Sex Foreplay Mascara Primer,OIL_CONTROL,1
Better Than Sex Foreplay Mascara Primer,PORE_MINIMIZING,1
Better Than Sex Foreplay Mascara Primer (Too Faced),NGRAM_ATTRIBUTE,5
Better Than Sex Foreplay Mascara Primer (Too Faced),GLOWY_FINISH,1
Better Than Sex Mascara Duo,NGRAM_ATTRIBUTE,7
Better Than Sex Mascara Duo,GLOSSY_FINISH,1
Better Than Sex Mascara Duo,OIL_CONTROL,1
Better Than Sex Mascara Duo,PORE_MINIMIZING,1
Better Than Sex Mascara Duo,WATERPROOF,1
Better Than Sex Mascara Duo (Too Faced),NGRAM_ATTRIBUTE,5
Better Than Sex Mascara Duo (Too Faced),GLOWY_FINISH,1
Better Than Sex Volumizing & Lengthening Mascara (Too Faced),NGRAM_ATTRIBUTE,5
Better Than Sex Volumizing & Lengthening Mascara (Too Faced),GLOWY_FINISH,1
Better Than Sex Volumizing & Lengthening Waterproof Mascara (Too Faced),NGRAM_ATTRIBUTE,5
Better Than Sex Volumizing & Lengthening Waterproof Mascara (Too Faced),GLOWY_FINISH,1
Blurring Serum Liquid Blush,NGRAM_ATTRIBUTE,2
Blurring Serum Liquid Blush,GLOSSY_FINISH,1
Blurring Serum Liquid Blush,OIL_CONTROL,1
Blurring Serum Liquid Blush,PORE_MINIMIZING,1
Blush Filter Soft Glow Liquid Blush,NGRAM_ATTRIBUTE,11
Blush Filter Soft Glow Liquid Blush,GLOSSY_FINISH,4
Blush Filter Soft Glow Liquid Blush,INDUSTRY_TERM,2
Blush Filter Soft Glow Liquid Blush,FORMULA,1
Blush Filter Soft Glow Liquid Blush,OIL_CONTROL,1
Blush Filter Soft Glow Liquid Blush,PORE_MINIMIZING,1
Bombshell Lip Liner and Liquid Lipstick Set,NGRAM_ATTRIBUTE,17
Born This Way Ethereal Light Illuminating Smoothing Concealer (Too Faced),NGRAM_ATTRIBUTE,5
Born This Way Ethereal Light Illuminating Smoothing Concealer (Too Faced),GLOWY_FINISH,1
Born This Way Ethereal Setting Powder,NGRAM_ATTRIBUTE,2
Born This Way Ethereal Setting Powder,GLOSSY_FINISH,1
Born This Way Ethereal Setting Powder,OIL_CONTROL,1
Born This Way Ethereal Setting Powder,PORE_MINIMIZING,1
Born This Way Ethereal Setting Powder (Too Faced),NGRAM_ATTRIBUTE,5
Born This Way Ethereal Setting Powder (Too Faced),GLOWY_FINISH,1
Born This Way Natural Finish Longwear Liquid Foundation (Too Faced),NGRAM_ATTRIBUTE,5
Born This Way Natural Finish Longwear Liquid Foundation (Too Faced),GLOWY_FINISH,1
Born This Way Soft Blur Flexible Finish Setting Powder (Too Faced),NGRAM_ATTRIBUTE,5
Born This Way Soft Blur Flexible Finish Setting Powder (Too Faced),GLOWY_FINISH,1
Born This Way Soft Matte Foundation (Too Faced),NGRAM_ATTRIBUTE,5
Born This Way Soft Matte Foundation (Too Faced),GLOWY_FINISH,1
Born This Way Super Coverage Multi-Use Concealer (Too Faced),NGRAM_ATTRIBUTE,5
Born This Way Super Coverage Multi-Use Concealer (Too Faced),GLOWY_FINISH,1
Born This Way The Natural Nudes Eyeshadow Palette (Too Faced),NGRAM_ATTRIBUTE,5
Born This Way The Natural Nudes Eyeshadow Palette (Too Faced),GLOWY_FINISH,1
Bronze & Highlight Powder Contour Kit,NGRAM_ATTRIBUTE,2
Bronze & Highlight Powder Contour Kit,GLOSSY_FINISH,1
Bronze & Highlight Powder Contour Kit,OIL_CONTROL,1
Bronze & Highlight Powder Contour Kit,PORE_MINIMIZING,1
Brow Fix Clear Eyebrow Gel,NGRAM_ATTRIBUTE,2
Brow Fix Clear Eyebrow Gel,GLOSSY_FINISH,1
Brow Fix Clear Eyebrow Gel,OIL_CONTROL,1
Brow Fix Clear Eyebrow Gel,PORE_MINIMIZING,1
Brow Freeze® Applicator,NGRAM_ATTRIBUTE,2
Brow Freeze® Applicator,GLOSSY_FINISH,1
Brow Freeze® Applicator,OIL_CONTROL,1
Brow Freeze® Applicator,PORE_MINIMIZING,1
Brow Freeze® Gel,NGRAM_ATTRIBUTE,2
Brow Freeze® Gel,GLOSSY_FINISH,1
Brow Freeze® Gel,OIL_CONTROL,1
Brow Freeze® Gel,PORE_MINIMIZING,1
Brow Genius® Conditioning Brow Serum,NGRAM_ATTRIBUTE,2
Brow Genius® Conditioning Brow Serum,GLOSSY_FINISH,1
Brow Genius® Conditioning Brow Serum,OIL_CONTROL,1
Brow Genius® Conditioning Brow Serum,PORE_MINIMIZING,1
Brow Primer Colorless Wax Pencil,NGRAM_ATTRIBUTE,2
Brow Primer Colorless Wax Pencil,GLOSSY_FINISH,1
Brow Primer Colorless Wax Pencil,OIL_CONTROL,1
Brow Primer Colorless Wax Pencil,PORE_MINIMIZING,1
CC+ Cream Illumination with SPF 50+,NGRAM_ATTRIBUTE,7
CC+ Cream Illumination with SPF 50+,GLOSSY_FINISH,1
Cheek To Chic Blush,NGRAM_ATTRIBUTE,16
Cheek To Chic Blush,GLOSSY_FINISH,2
Cheek To Chic Blush,INDUSTRY_TERM,2
Cheek To Chic Blush,FIRMING,1
Cheek To Chic Blush,MATTE_FINISH,1
Cheek To Chic Blush,OIL_CONTROL,1
Cheek To Chic Blush,PORE_MINIMIZING,1
Cheek to Chic Blush - Pillow Talk Collection,NGRAM_ATTRIBUTE,5
Chocolate Soleil Matte Bronzer (Too Faced),NGRAM_ATTRIBUTE,5
Chocolate Soleil Matte Bronzer (Too Faced),GLOWY_FINISH,1
Chocolate Soleil Melting Bronzing & Sculpting Stick (Too Faced),NGRAM_ATTRIBUTE,5
Chocolate Soleil Melting Bronzing & Sculpting Stick (Too Faced),GLOWY_FINISH,1
Clean Foundation Brush,NGRAM_ATTRIBUTE,10
Clear Brow Gel Favorites Brow Duo,NGRAM_ATTRIBUTE,2
Clear Brow Gel Favorites Brow Duo,GLOSSY_FINISH,1
Clear Brow Gel Favorites Brow Duo,OIL_CONTROL,1
Clear Brow Gel Favorites Brow Duo,PORE_MINIMIZING,1
Climax Volumizing Mascara,NGRAM_ATTRIBUTE,4
Climax Volumizing Mascara,GLOSSY_FINISH,2
Climax Volumizing Mascara,FORMULA,1
Climax Volumizing Mascara (NARS),GLOSSY_FINISH,1
Climax Volumizing Mascara (NARS),TEXTURE,1
Climax Waterproof Liquid Eyeliner (NARS),GLOSSY_FINISH,1
Climax Waterproof Liquid Eyeliner (NARS),TEXTURE,1
Cloud Crush Blurring Powder Blush,NGRAM_ATTRIBUTE,2
Cloud Crush Blurring Powder Blush,GLOSSY_FINISH,1
Cloud Crush Blurring Powder Blush,OIL_CONTROL,1
Cloud Crush Blurring Powder Blush,PORE_MINIMIZING,1
Cloud Crush Blurring Powder Blush (Too Faced),NGRAM_ATTRIBUTE,5
Cloud Crush Blurring Powder Blush (Too Faced),GLOWY_FINISH,1
Cocoa Bold Cream Lipstick (Too Faced),NGRAM_ATTRIBUTE,5
Cocoa Bold Cream Lipstick (Too Faced),GLOWY_FINISH,1
Collagen Lip Bath Gloss,NGRAM_ATTRIBUTE,7
Collagen Lip Bath Gloss,GLOSSY_FINISH,2
Collagen Lip Bath Gloss,INDUSTRY_TERM,2
Collagen Lip Bath Gloss,OIL_CONTROL,1
Collagen Lip Bath Gloss,PORE_MINIMIZING,1
Colorblur Tinted Glow Lip + Cheek Balm with Vitamin C (goop),NGRAM_ATTRIBUTE,7
Contour & Highlight Stick,NGRAM_ATTRIBUTE,2
Contour & Highlight Stick,GLOSSY_FINISH,1
Contour & Highlight Stick,OIL_CONTROL,1
Contour & Highlight Stick,PORE_MINIMIZING,1
Cosmos Eyeshadow Palette,NGRAM_ATTRIBUTE,2
Cosmos Eyeshadow Palette,GLOSSY_FINISH,1
Cosmos Eyeshadow Palette,OIL_CONTROL,1
Cosmos Eyeshadow Palette,PORE_MINIMIZING,1
Cream Lip Stain 10HR Liquid Lipstick,NGRAM_ATTRIBUTE,5
Cream Lip Stain Liquid Lipstick Set,NGRAM_ATTRIBUTE,5
Creamy Obsessions Eyeshadow Palette,NGRAM_ATTRIBUTE,2
Creamy Obsessions Eyeshadow Palette,GLOSSY_FINISH,1
Creamy Obsessions Eyeshadow Palette,OIL_CONTROL,1
Creamy Obsessions Eyeshadow Palette,PORE_MINIMIZING,1
Curator™ Eyeshadow Palettes,NGRAM_ATTRIBUTE,2
Curator™ Eyeshadow Palettes,GLOSSY_FINISH,1
D-Bronzi™ Bronzing Drops with Peptides,NGRAM_ATTRIBUTE,4
D-Bronzi™ Bronzing Drops with Peptides,HYDRATION_MOISTURE,1
D-Bronzi™ Bronzing Drops with Peptides (Drunk Elephant),INGREDIENTS,2
Damn Girl! 24-Hour Mascara (Too Faced),NGRAM_ATTRIBUTE,5
Damn Girl! 24-Hour Mascara (Too Faced),GLOWY_FINISH,1
Dewy Set Hydrating Setting Spray,NGRAM_ATTRIBUTE,2
Dewy Set Hydrating Setting Spray,GLOSSY_FINISH,1
Dewy Set Hydrating Setting Spray,OIL_CONTROL,1
Dewy Set Hydrating Setting Spray,PORE_MINIMIZING,1
Dior Addict Lip Glow,NGRAM_ATTRIBUTE,72
Dior Addict Lip Glow,GLOSSY_FINISH,6
Dior Addict Lip Glow,FIRMING,1
Dior Addict Lip Glow,FORMULA,1
Dior Addict Lip Glow,PORE_MINIMIZING,1
Dior Addict Lip Glow,WATERPROOF,1
Dior Addict Lip Maximizer Plumping Gloss,NGRAM_ATTRIBUTE,4
Dior Addict Lip Tint,NGRAM_ATTRIBUTE,72
Dior Addict Lip Tint,GLOSSY_FINISH,6
Dior Addict Lip Tint,FIRMING,1
Dior Addict Lip Tint,FORMULA,1
Dior Addict Lip Tint,PORE_MINIMIZING,1
Dior Addict Lip Tint,WATERPROOF,1
Dior Forever Couture Luminizer Highlighter Powder,NGRAM_ATTRIBUTE,4
Dior Forever Couture Luminizer Highlighter Powder,GLOSSY_FINISH,2
Dior Forever Couture Luminizer Highlighter Powder,FORMULA,1
Dior Forever Glow Veil Makeup Primer,NGRAM_ATTRIBUTE,10
Dior Forever Glow Veil Makeup Primer,GLOSSY_FINISH,3
Dior Forever Glow Veil Makeup Primer,FORMULA,1
Dior Forever Matte Foundation SPF 15,NGRAM_ATTRIBUTE,25
Dior Forever Matte Foundation SPF 15,GLOSSY_FINISH,1
Dior Forever Natural Powder Bronzer,NGRAM_ATTRIBUTE,29
Dior Forever Natural Powder Bronzer,GLOSSY_FINISH,3
Dior Forever Natural Powder Bronzer,FORMULA,1
Dior Forever Skin Correct Full-Coverage Concealer,NGRAM_ATTRIBUTE,25
Dior Forever Skin Correct Full-Coverage Concealer,GLOSSY_FINISH,1
Dior Forever Skin Glow Foundation SPF 15,NGRAM_ATTRIBUTE,43
Dior Forever Skin Glow Foundation SPF 15,GLOSSY_FINISH,6
Dior Forever Skin Glow Foundation SPF 15,FORMULA,1
Diorshow Brow Styler Eyebrow Pencil,NGRAM_ATTRIBUTE,4
Diorshow Brow Styler Eyebrow Pencil,GLOSSY_FINISH,2
Diorshow Brow Styler Eyebrow Pencil,FORMULA,1
Diorshow On Stage Waterproof Liquid Eyeliner,WATERPROOF,1
Diorshow OnSet Brow Gel,NGRAM_ATTRIBUTE,4
Diorshow OnSet Brow Gel,GLOSSY_FINISH,2
Diorshow OnSet Brow Gel,FORMULA,1
Diorshow Waterproof Mascara,NGRAM_ATTRIBUTE,4
Diorshow Waterproof Mascara,GLOSSY_FINISH,2
Diorshow Waterproof Mascara,FORMULA,1
Diorshow Waterproof Mascara,INDUSTRY_TERM,1
Diorshow Waterproof Mascara,WATERPROOF,1
Disco Crush High Shine Glitter Eye + Face Sparkle (Too Faced),NGRAM_ATTRIBUTE,5
Disco Crush High Shine Glitter Eye + Face Sparkle (Too Faced),GLOWY_FINISH,1
Divinely Flawless Translucent Loose Setting Powder & Puff,COVERAGE,1
Dual-Ended Cream to Powder Perfect Brow Pencil,NGRAM_ATTRIBUTE,2
Dual-Ended Cream to Powder Perfect Brow Pencil,GLOSSY_FINISH,1
Dual-Ended Cream to Powder Perfect Brow Pencil,OIL_CONTROL,1
Dual-Ended Cream to Powder Perfect Brow Pencil,PORE_MINIMIZING,1
E-Rase™ Milki Micellar Water (Drunk Elephant),INGREDIENTS,2
Empowered Eyeshadow Palette,NGRAM_ATTRIBUTE,7
Empowered Eyeshadow Palette,FORMULA,1
Empowered Eyeshadow Palette,GLOSSY_FINISH,1
Empowered Eyeshadow Palette,OIL_CONTROL,1
Empowered Eyeshadow Palette,PORE_MINIMIZING,1
Even Better™ All-Over Concealer + Eraser,NGRAM_ATTRIBUTE,2
Everlasting Blush,NGRAM_ATTRIBUTE,4
Everlasting Blush,GLOSSY_FINISH,2
Everlasting Blush,FORMULA,1
Everlasting Lip Liner,NGRAM_ATTRIBUTE,4
Everlasting Lip Liner,GLOSSY_FINISH,2
Everlasting Lip Liner,FORMULA,1
Explicit Refillable Satin Lipstick (NARS),GLOSSY_FINISH,1
Explicit Refillable Satin Lipstick (NARS),TEXTURE,1
Eyes To Mesmerize Cream Eyeshadow,NGRAM_ATTRIBUTE,2
Eyes To Mesmerize Cream Eyeshadow,GLOSSY_FINISH,1
Eyes To Mesmerize Cream Eyeshadow,OIL_CONTROL,1
Eyes To Mesmerize Cream Eyeshadow,PORE_MINIMIZING,1
F2 Dual-Ended Powder Brush,NGRAM_ATTRIBUTE,8
F2 Dual-Ended Powder Brush,COVERAGE,1
F2 Dual-Ended Powder Brush,GLOSSY_FINISH,1
F2 Dual-Ended Powder Brush,SKIN_TONE,1
F5 Concealer Brush,NGRAM_ATTRIBUTE,4
F5 Concealer Brush,GLOSSY_FINISH,1
F5 Concealer Brush,TEXTURE,1
Fall Romance Eyeshadow Palette,NGRAM_ATTRIBUTE,2
Fall Romance Eyeshadow Palette,GLOSSY_FINISH,1
Fall Romance Eyeshadow Palette,OIL_CONTROL,1
Fall Romance Eyeshadow Palette,PORE_MINIMIZING,1
Faux Filler Shiny Non-Sticky Lip Gloss,NGRAM_ATTRIBUTE,2
Faux Filler Shiny Non-Sticky Lip Gloss,GLOSSY_FINISH,1
Faux Filler Shiny Non-Sticky Lip Gloss,OIL_CONTROL,1
Faux Filler Shiny Non-Sticky Lip Gloss,PORE_MINIMIZING,1
Flush Balm Cream Blush,NGRAM_ATTRIBUTE,16
Flush Balm Cream Blush,SKIN_TONE,1
Forever 24H Skin Contour Stick Sculpting and Bronzing Face Stick,NGRAM_ATTRIBUTE,14
Forever 24H Skin Contour Stick Sculpting and Bronzing Face Stick,FIRMING,1
Forever Skin Perfect 24H Multi-Use Foundation Stick,NGRAM_ATTRIBUTE,25
Forever Skin Perfect 24H Multi-Use Foundation Stick,GLOSSY_FINISH,1
Full Cover Concealer,NGRAM_ATTRIBUTE,2
Full Cover Concealer,GLOSSY_FINISH,1
Full Cover Concealer,OIL_CONTROL,1
Full Cover Concealer,PORE_MINIMIZING,1
Glam Eyeshadow Palette,COLOR_CORRECTION,1
Glam Face & Eye Palette,COLOR_CORRECTION,1
Glow Glide Face Architect Highlighter,NGRAM_ATTRIBUTE,5
Glow Glide Face Architect Highlighter,INDUSTRY_TERM,2
Glow Glide Face Architect Highlighter,GLOSSY_FINISH,1
Glow Goals Setting Spray And Highlighter Set,NGRAM_ATTRIBUTE,7
Glow Goals Setting Spray And Highlighter Set,GLOSSY_FINISH,1
Glow Goals Setting Spray And Highlighter Set,SKIN_TONE,1
Glowy Makeup Serum,NGRAM_ATTRIBUTE,8
Glowy Makeup Serum,COVERAGE,1
Glowy Makeup Serum,GLOSSY_FINISH,1
HD Skin Blush & Glow Longwear Cream Face Palette,NGRAM_ATTRIBUTE,2
HD Skin Blush & Glow Longwear Cream Face Palette,GLOSSY_FINISH,1
HD Skin Blush & Glow Longwear Cream Face Palette,OIL_CONTROL,1
HD Skin Blush & Glow Longwear Cream Face Palette,PORE_MINIMIZING,1
HD Skin Cream Contour and Highlight Sculpting Palette,NGRAM_ATTRIBUTE,2
HD Skin Cream Contour and Highlight Sculpting Palette,GLOSSY_FINISH,1
HD Skin Cream Contour and Highlight Sculpting Palette,OIL_CONTROL,1
HD Skin Cream Contour and Highlight Sculpting Palette,PORE_MINIMIZING,1
HD Skin Hydra Glow Hydrating Foundation with Hyaluronic Acid,NGRAM_ATTRIBUTE,10
HD Skin Hydra Glow Hydrating Foundation with Hyaluronic Acid,GLOSSY_FINISH,1
HD Skin Hydra Glow Hydrating Foundation with Hyaluronic Acid,HYDRATION_MOISTURE,1
HD Skin Hydra Glow Hydrating Foundation with Hyaluronic Acid,SUN_PROTECTION,1
HD Skin Matte Velvet Blurring Foundation & Setting Powder,NGRAM_ATTRIBUTE,58
HD Skin Matte Velvet Blurring Foundation & Setting Powder,GLOSSY_FINISH,3
HD Skin Matte Velvet Blurring Foundation & Setting Powder,MATTE_FINISH,2
HD Skin Matte Velvet Blurring Foundation & Setting Powder,TEXTURE,2
HD Skin Matte Velvet Blurring Foundation & Setting Powder,OIL_CONTROL,1
HD Skin Matte Velvet Blurring Foundation & Setting Powder,PORE_MINIMIZING,1
HD Skin Shine-Controlling & Blurring Setting Powder,NGRAM_ATTRIBUTE,2
HD Skin Shine-Controlling & Blurring Setting Powder,GLOSSY_FINISH,1
HD Skin Shine-Controlling & Blurring Setting Powder,OIL_CONTROL,1
HD Skin Shine-Controlling & Blurring Setting Powder,PORE_MINIMIZING,1
HD Skin Sponge,NGRAM_ATTRIBUTE,13
HD Skin Sponge,MATTE_FINISH,1
HD Skin Waterproof Natural Matte Foundation,NGRAM_ATTRIBUTE,23
HD Skin Waterproof Natural Matte Foundation,GLOSSY_FINISH,1
HD Skin Waterproof Natural Matte Foundation,HYDRATION_MOISTURE,1
HD Skin Waterproof Natural Matte Foundation,MATTE_FINISH,1
HD Skin Waterproof Natural Matte Foundation,SUN_PROTECTION,1
Hangover 3-in-1 Replenishing Primer & Setting Spray,NGRAM_ATTRIBUTE,2
Hangover 3-in-1 Replenishing Primer & Setting Spray,GLOSSY_FINISH,1
Hangover 3-in-1 Replenishing Primer & Setting Spray,OIL_CONTROL,1
Hangover 3-in-1 Replenishing Primer & Setting Spray,PORE_MINIMIZING,1
Hangover 3-in-1 Replenishing Primer & Setting Spray (Too Faced),NGRAM_ATTRIBUTE,5
Hangover 3-in-1 Replenishing Primer & Setting Spray (Too Faced),GLOWY_FINISH,1
Hangover Pillow Balm Ultra Hydrating Lip Balm (Too Faced),NGRAM_ATTRIBUTE,5
Hangover Pillow Balm Ultra Hydrating Lip Balm (Too Faced),GLOWY_FINISH,1
Hangover Replenishing Face Primer (Too Faced),NGRAM_ATTRIBUTE,5
Hangover Replenishing Face Primer (Too Faced),GLOWY_FINISH,1
Heavenly Luxe Complexion Perfection Brush #7,NGRAM_ATTRIBUTE,7
Heavenly Luxe Complexion Perfection Brush #7,GLOSSY_FINISH,1
Heavenly Luxe Dual Airbrush Concealer Brush #2,NGRAM_ATTRIBUTE,7
Heavenly Luxe Dual Airbrush Concealer Brush #2,GLOSSY_FINISH,1
High Impact Mascara,NGRAM_ATTRIBUTE,6
High Impact Mascara,GLOSSY_FINISH,2
High Impact Mascara,FORMULA,1
Hollywood Contour Wand,NGRAM_ATTRIBUTE,20
Hollywood Contour Wand,GLOSSY_FINISH,1
Hollywood Contour Wand,MATTE_FINISH,1
Hollywood Contour Wand,OIL_CONTROL,1
Hollywood Contour Wand,PORE_MINIMIZING,1
Hollywood Flawless Filter,PORE_MINIMIZING,8
Hollywood Flawless Filter,NGRAM_ATTRIBUTE,6
Hollywood Flawless Filter,GLOSSY_FINISH,1
Hollywood Flawless Filter,OIL_CONTROL,1
Hot Lips Lipstick 2,NGRAM_ATTRIBUTE,15
Hot Lips Lipstick 2,FORMULA,1
Hydrating and Smoothing Lip Primer,NGRAM_ATTRIBUTE,2
Hydrating and Smoothing Lip Primer,GLOSSY_FINISH,1
Hydrating and Smoothing Lip Primer,OIL_CONTROL,1
Hydrating and Smoothing Lip Primer,PORE_MINIMIZING,1
ITA Kabuki Brush,NGRAM_ATTRIBUTE,7
ITA Kabuki Brush,GLOSSY_FINISH,1
ITA Kabuki Brush (NARS),GLOSSY_FINISH,1
ITA Kabuki Brush (NARS),TEXTURE,1
Iced Out Illuminating Powder Highlighter,NGRAM_ATTRIBUTE,2
Iced Out Illuminating Powder Highlighter,GLOSSY_FINISH,1
Iced Out Illuminating Powder Highlighter,OIL_CONTROL,1
Iced Out Illuminating Powder Highlighter,PORE_MINIMIZING,1
Icy Nude Eyeshadow Palette,NGRAM_ATTRIBUTE,24
Icy Nude Eyeshadow Palette,FORMULA,1
Icy Nude Eyeshadow Palette,GLOSSY_FINISH,1
Icy Nude Eyeshadow Palette,OIL_CONTROL,1
Icy Nude Eyeshadow Palette,PORE_MINIMIZING,1
Invisible UV Flawless Primer SPF 50,PORE_MINIMIZING,8
Invisible UV Flawless Primer SPF 50,NGRAM_ATTRIBUTE,6
Invisible UV Flawless Primer SPF 50,GLOSSY_FINISH,1
Invisible UV Flawless Primer SPF 50,OIL_CONTROL,1
Jewel Crush Blush & Highlighter Face Palette (Too Faced),NGRAM_ATTRIBUTE,5
Jewel Crush Blush & Highlighter Face Palette (Too Faced),GLOWY_FINISH,1
Jumbo Airbrush Flawless Setting Spray,PORE_MINIMIZING,4
Jumbo Airbrush Flawless Setting Spray,NGRAM_ATTRIBUTE,2
Jumbo Airbrush Flawless Setting Spray,GLOSSY_FINISH,1
Jumbo Airbrush Flawless Setting Spray,OIL_CONTROL,1
Jumbo Airbrush Flawless Setting Spray,SKIN_TONE,1
Killer Liner 36 Hour Waterproof Gel Eyeliner (Too Faced),NGRAM_ATTRIBUTE,5
Killer Liner 36 Hour Waterproof Gel Eyeliner (Too Faced),GLOWY_FINISH,1
Kissing Jelly Non-Sticky Lip Oil Gloss  (Too Faced),NGRAM_ATTRIBUTE,5
Kissing Jelly Non-Sticky Lip Oil Gloss  (Too Faced),GLOWY_FINISH,1
Kissing Jelly Perfect Pair Lip Gloss Set (Too Faced),NGRAM_ATTRIBUTE,5
Kissing Jelly Perfect Pair Lip Gloss Set (Too Faced),GLOWY_FINISH,1
Laguna Bronzing Cream,NGRAM_ATTRIBUTE,7
Laguna Bronzing Cream,GLOSSY_FINISH,1
Laguna Bronzing Cream (NARS),GLOSSY_FINISH,1
Laguna Bronzing Cream (NARS),TEXTURE,1
Laguna Talc-Free Bronzer Powder (NARS),GLOSSY_FINISH,1
Laguna Talc-Free Bronzer Powder (NARS),TEXTURE,1
Laguna Ultimate Face Palette (NARS),GLOSSY_FINISH,1
Laguna Ultimate Face Palette (NARS),TEXTURE,1
Lifted & Defined Brow Duo,NGRAM_ATTRIBUTE,2
Lifted & Defined Brow Duo,GLOSSY_FINISH,1
Lifted & Defined Brow Duo,OIL_CONTROL,1
Lifted & Defined Brow Duo,PORE_MINIMIZING,1
Light Reflecting Advanced Skincare Medium Coverage Foundation,NGRAM_ATTRIBUTE,7
Light Reflecting Advanced Skincare Medium Coverage Foundation,GLOSSY_FINISH,1
Light Reflecting Advanced Skincare Medium Coverage Foundation (NARS),GLOSSY_FINISH,1
Light Reflecting Advanced Skincare Medium Coverage Foundation (NARS),TEXTURE,1
Light Reflecting Loose Setting Powder,NGRAM_ATTRIBUTE,11
Light Reflecting Loose Setting Powder,GLOSSY_FINISH,3
Light Reflecting Loose Setting Powder,FORMULA,1
Light Reflecting Loose Setting Powder (NARS),GLOSSY_FINISH,1
Light Reflecting Loose Setting Powder (NARS),TEXTURE,1
Light Reflecting Pressed Setting Powder,NGRAM_ATTRIBUTE,7
Light Reflecting Pressed Setting Powder,GLOSSY_FINISH,1
Light Reflecting Pressed Setting Powder (NARS),GLOSSY_FINISH,1
Light Reflecting Pressed Setting Powder (NARS),TEXTURE,1
Light Reflecting Setting Powder Lunar New Year Set (NARS),GLOSSY_FINISH,1
Light Reflecting Setting Powder Lunar New Year Set (NARS),TEXTURE,1
Light Reflecting™ Hydrating Makeup Setting Mist (NARS),GLOSSY_FINISH,1
Light Reflecting™ Hydrating Makeup Setting Mist (NARS),TEXTURE,1
Light Reflecting™ Hydrating Primer with Hyaluronic Acid (NARS),GLOSSY_FINISH,1
Light Reflecting™ Hydrating Primer with Hyaluronic Acid (NARS),TEXTURE,1
Light Reflecting™ Undereye Brightener (NARS),GLOSSY_FINISH,1
Light Reflecting™ Undereye Brightener (NARS),TEXTURE,1
Lip Cheat Lip Liner,NGRAM_ATTRIBUTE,5
Lip Contour 2.0 Automatic Matte Lip Pencil,NGRAM_ATTRIBUTE,17
Lip Glow Oil,NGRAM_ATTRIBUTE,19
Lip Glow Oil,GLOSSY_FINISH,6
Lip Glow Oil,FORMULA,1
Lip Injection Extreme Lip Plumper Gloss (Too Faced),NGRAM_ATTRIBUTE,5
Lip Injection Extreme Lip Plumper Gloss (Too Faced),GLOWY_FINISH,1
Lip Injection Extreme Lip Shaper Plumping Lip Liner (Too Faced),NGRAM_ATTRIBUTE,5
Lip Injection Extreme Lip Shaper Plumping Lip Liner (Too Faced),GLOWY_FINISH,1
Lip Injection Hydrating & Plumping Lip Gloss (Too Faced),NGRAM_ATTRIBUTE,5
Lip Injection Hydrating & Plumping Lip Gloss (Too Faced),GLOWY_FINISH,1
Lip Injection Maximum Plump Extra Strength Hydrating Lip Plumper (Too Faced),NGRAM_ATTRIBUTE,5
Lip Injection Maximum Plump Extra Strength Hydrating Lip Plumper (Too Faced),GLOWY_FINISH,1
Lip Injection Power Plumping Cream Liquid Lipstick (Too Faced),NGRAM_ATTRIBUTE,5
Lip Injection Power Plumping Cream Liquid Lipstick (Too Faced),GLOWY_FINISH,1
Lip Injection Power Plumping Hydrating Lip Gloss (Too Faced),NGRAM_ATTRIBUTE,5
Lip Injection Power Plumping Hydrating Lip Gloss (Too Faced),GLOWY_FINISH,1
Lip Injection Power Plumping Hydrating Liquid Lip Balm (Too Faced),NGRAM_ATTRIBUTE,5
Lip Injection Power Plumping Hydrating Liquid Lip Balm (Too Faced),GLOWY_FINISH,1
Lip Lustre Lip Gloss,NGRAM_ATTRIBUTE,7
Lip Lustre Lip Gloss,GLOSSY_FINISH,2
Lip Lustre Lip Gloss,INDUSTRY_TERM,2
Lip Lustre Lip Gloss,OIL_CONTROL,1
Lip Lustre Lip Gloss,PORE_MINIMIZING,1
Lip Lustre Lip Gloss - Pillow Talk Collection,NGRAM_ATTRIBUTE,10
Lip Lustre Lip Gloss - Pillow Talk Collection,GLOSSY_FINISH,1
Lip Maximizer Serum,NGRAM_ATTRIBUTE,4
Lip Perfector Sheer Lip Gloss,NGRAM_ATTRIBUTE,4
Lip Perfector Sheer Lip Gloss,GLOSSY_FINISH,2
Lip Perfector Sheer Lip Gloss,FORMULA,1
Lip Suede Hydrating Matte Lipstick Trio,NGRAM_ATTRIBUTE,4
Lip Suede Hydrating Matte Lipstick Trio,MATTE_FINISH,1
Lip Suede Lipstick Palette,NGRAM_ATTRIBUTE,4
Lip Suede Lipstick Palette,MATTE_FINISH,1
Lippe Balm (Drunk Elephant),INGREDIENTS,2
Lit Up Glow Highlighter Stick,NGRAM_ATTRIBUTE,4
Luxury Eyeshadow Palette,NGRAM_ATTRIBUTE,17
Luxury Eyeshadow Palette,FORMULA,1
Luxury Eyeshadow Palette,GLOSSY_FINISH,1
Luxury Eyeshadow Palette,OIL_CONTROL,1
Luxury Eyeshadow Palette,PORE_MINIMIZING,1
Major Dimension III Matte Eyeshadow Palette,NGRAM_ATTRIBUTE,5
Major Dimension III Matte Eyeshadow Palette,SKIN_TONE,3
Major Dimension III Matte Eyeshadow Palette,MATTE_FINISH,1
Major Skin Crème Foundation and Finishing Powder Duo,NGRAM_ATTRIBUTE,25
Major Skin Crème Foundation and Finishing Powder Duo,SKIN_TYPE,2
Major Skin Crème Foundation and Finishing Powder Duo,COVERAGE,1
Major Skin Crème Foundation and Finishing Powder Duo,SKIN_TONE,1
Major Skin Hydra-Luxe Luminous Skin Perfecting Foundation For Natural Glow,NGRAM_ATTRIBUTE,20
Major Skin Hydra-Luxe Luminous Skin Perfecting Foundation For Natural Glow,COVERAGE,1
Makeup Insurance Longwear Setting Spray + Blue Light Defense (Too Faced),NGRAM_ATTRIBUTE,5
Makeup Insurance Longwear Setting Spray + Blue Light Defense (Too Faced),GLOWY_FINISH,1
Master Crystal Reflector™,NGRAM_ATTRIBUTE,2
Master Crystal Reflector™,MATTE_FINISH,1
Master Eye Prep & Set™,NGRAM_ATTRIBUTE,2
Master Eye Prep & Set™,MATTE_FINISH,1
Master Hold Brow Gel,NGRAM_ATTRIBUTE,2
Master Hold Brow Gel,MATTE_FINISH,1
Master Metallics® Eyeshadow Palette,NGRAM_ATTRIBUTE,2
Master Metallics® Eyeshadow Palette,MATTE_FINISH,1
Master Metals® Eyeshadow Palette,NGRAM_ATTRIBUTE,2
Master Metals® Eyeshadow Palette,MATTE_FINISH,1
Master Pro Puff,NGRAM_ATTRIBUTE,10
Master Pro Puff,COVERAGE,1
Master Pro Puff,GLOSSY_FINISH,1
Master Pro Puff,MATTE_FINISH,1
Matte & Satin Blush Trios Palette,NGRAM_ATTRIBUTE,2
Matte & Satin Blush Trios Palette,GLOSSY_FINISH,1
Matte & Satin Blush Trios Palette,OIL_CONTROL,1
Matte & Satin Blush Trios Palette,PORE_MINIMIZING,1
Matte Beauty Blush Wand,NGRAM_ATTRIBUTE,11
Matte Beauty Blush Wand,GLOSSY_FINISH,2
Matte Beauty Blush Wand,INDUSTRY_TERM,2
Matte Beauty Blush Wand,FIRMING,1
Matte Beauty Blush Wand,MATTE_FINISH,1
Matte Beauty Blush Wand,OIL_CONTROL,1
Matte Beauty Blush Wand,PORE_MINIMIZING,1
Matte Bronzer Powder,NGRAM_ATTRIBUTE,7
Matte Bronzer Powder,MATTE_FINISH,1
Matte Contour and Sculpt Cream Bronzer,NGRAM_ATTRIBUTE,2
Matte Contour and Sculpt Cream Bronzer,GLOSSY_FINISH,1
Matte Contour and Sculpt Cream Bronzer,OIL_CONTROL,1
Matte Contour and Sculpt Cream Bronzer,PORE_MINIMIZING,1
Matte Cream Contour & Highlight Sticks,NGRAM_ATTRIBUTE,2
Matte Cream Contour & Highlight Sticks,GLOSSY_FINISH,1
Matte Cream Contour & Highlight Sticks,OIL_CONTROL,1
Matte Cream Contour & Highlight Sticks,PORE_MINIMIZING,1
Matte Obsessions Eyeshadow Palette,NGRAM_ATTRIBUTE,2
Matte Obsessions Eyeshadow Palette,GLOSSY_FINISH,1
Matte Obsessions Eyeshadow Palette,OIL_CONTROL,1
Matte Obsessions Eyeshadow Palette,PORE_MINIMIZING,1
Matte Velvet Lipstick,NGRAM_ATTRIBUTE,7
Matte Velvet Lipstick,MATTE_FINISH,1
Matte Velvet Skin Full Coverage Foundation,NGRAM_ATTRIBUTE,13
Matte Velvet Skin Full Coverage Foundation,MATTE_FINISH,1
Matte Velvet Skin High Coverage Multi-Use Concealer,NGRAM_ATTRIBUTE,13
Matte Velvet Skin High Coverage Multi-Use Concealer,MATTE_FINISH,1
Mini Afterglow Lip Shine Gloss Set (NARS),GLOSSY_FINISH,1
Mini Afterglow Lip Shine Gloss Set (NARS),TEXTURE,1
Mini Afterglow Lip Shine Lip Gloss Set (NARS),GLOSSY_FINISH,1
Mini Afterglow Lip Shine Lip Gloss Set (NARS),TEXTURE,1
Mini Afterglow Liquid Blush & Lip Shine Duo,INDUSTRY_TERM,4
Mini Afterglow Liquid Blush & Lip Shine Duo (NARS),GLOSSY_FINISH,1
Mini Afterglow Liquid Blush & Lip Shine Duo (NARS),TEXTURE,1
Mini Airbrush Flawless Finish Setting Powder,NGRAM_ATTRIBUTE,6
Mini Airbrush Flawless Finish Setting Powder,PORE_MINIMIZING,4
Mini Airbrush Flawless Finish Setting Powder,GLOSSY_FINISH,1
Mini Airbrush Flawless Finish Setting Powder,OIL_CONTROL,1
Mini Airbrush Flawless Setting Spray,PORE_MINIMIZING,4
Mini Airbrush Flawless Setting Spray,NGRAM_ATTRIBUTE,2
Mini Airbrush Flawless Setting Spray,GLOSSY_FINISH,1
Mini Airbrush Flawless Setting Spray,OIL_CONTROL,1
Mini Airbrush Flawless Setting Spray,SKIN_TONE,1
Mini Airbrush Flawless Setting Spray Duo Set,PORE_MINIMIZING,4
Mini Airbrush Flawless Setting Spray Duo Set,NGRAM_ATTRIBUTE,2
Mini Airbrush Flawless Setting Spray Duo Set,GLOSSY_FINISH,1
Mini Airbrush Flawless Setting Spray Duo Set,OIL_CONTROL,1
Mini Airbrush Flawless Setting Spray Duo Set,SKIN_TONE,1
Mini Artist Color Pencil Lipliner & Eyeliner Kit,NGRAM_ATTRIBUTE,5
Mini Better Than Sex Foreplay Mascara Primer (Too Faced),NGRAM_ATTRIBUTE,5
Mini Better Than Sex Foreplay Mascara Primer (Too Faced),GLOWY_FINISH,1
Mini Better Than Sex Volumizing & Lengthening Mascara (Too Faced),NGRAM_ATTRIBUTE,5
Mini Better Than Sex Volumizing & Lengthening Mascara (Too Faced),GLOWY_FINISH,1
Mini Better Than Sex Waterproof Mascara,WATERPROOF,1
Mini Better Than Sex Waterproof Mascara (Too Faced),NGRAM_ATTRIBUTE,5
Mini Better Than Sex Waterproof Mascara (Too Faced),GLOWY_FINISH,1
Mini Born This Way Complexion-Inspired Eyeshadow Palette (Too Faced),NGRAM_ATTRIBUTE,5
Mini Born This Way Complexion-Inspired Eyeshadow Palette (Too Faced),GLOWY_FINISH,1
Mini Born This Way Super Coverage Multi-Use Concealer (Too Faced),NGRAM_ATTRIBUTE,5
Mini Born This Way Super Coverage Multi-Use Concealer (Too Faced),GLOWY_FINISH,1
Mini Brow Freeze® Gel,NGRAM_ATTRIBUTE,2
Mini Brow Freeze® Gel,GLOSSY_FINISH,1
Mini Brow Freeze® Gel,OIL_CONTROL,1
Mini Brow Freeze® Gel,PORE_MINIMIZING,1
Mini Brow Genius® Conditioning Brow Serum,NGRAM_ATTRIBUTE,2
Mini Brow Genius® Conditioning Brow Serum,GLOSSY_FINISH,1
Mini Brow Genius® Conditioning Brow Serum,OIL_CONTROL,1
Mini Brow Genius® Conditioning Brow Serum,PORE_MINIMIZING,1
Mini Charlotte’s Magic Serum with Vitamin C,NGRAM_ATTRIBUTE,5
Mini Charlotte’s Magic Serum with Vitamin C,INDUSTRY_TERM,2
Mini Charlotte’s Magic Serum with Vitamin C,GLOSSY_FINISH,1
Mini Climax Mascara,NGRAM_ATTRIBUTE,20
Mini Climax Mascara,GLOSSY_FINISH,4
Mini Climax Mascara,FORMULA,1
Mini Climax Mascara,OIL_CONTROL,1
Mini Climax Mascara (NARS),GLOSSY_FINISH,1
Mini Climax Mascara (NARS),TEXTURE,1
Mini Color & Care Lip Collection Set (fresh),NGRAM_ATTRIBUTE,9
Mini Color & Care Lip Collection Set (fresh),GLOSSY_FINISH,1
Mini Color & Care Lip Collection Set (fresh),SKIN_TONE,1
Mini Dewy Set Hydrating Setting Spray,NGRAM_ATTRIBUTE,2
Mini Dewy Set Hydrating Setting Spray,GLOSSY_FINISH,1
Mini Dewy Set Hydrating Setting Spray,OIL_CONTROL,1
Mini Dewy Set Hydrating Setting Spray,PORE_MINIMIZING,1
Mini Filmstar Bronze & Glow Contour Duo,NGRAM_ATTRIBUTE,5
Mini Filmstar Bronze & Glow Contour Duo,INDUSTRY_TERM,2
Mini Filmstar Bronze & Glow Contour Duo,GLOSSY_FINISH,1
Mini Glossy Pink Lip Gloss + Lip Liner Set,NGRAM_ATTRIBUTE,5
Mini Glossy Pink Lip Gloss + Lip Liner Set,INDUSTRY_TERM,2
Mini Glossy Pink Lip Gloss + Lip Liner Set,GLOSSY_FINISH,1
Mini Glowy Super Gel Multipurpose Illuminator Set,NGRAM_ATTRIBUTE,10
Mini Glowy Super Gel Multipurpose Illuminator Set,GLOSSY_FINISH,1
Mini Glowy Super Gel Multipurpose Illuminator Set,GLOWY_FINISH,1
Mini HD Skin Hydra Glow Skincare Foundation with Hyaluronic Acid,NGRAM_ATTRIBUTE,10
Mini HD Skin Hydra Glow Skincare Foundation with Hyaluronic Acid,GLOSSY_FINISH,1
Mini HD Skin Hydra Glow Skincare Foundation with Hyaluronic Acid,HYDRATION_MOISTURE,1
Mini HD Skin Hydra Glow Skincare Foundation with Hyaluronic Acid,SUN_PROTECTION,1
Mini HD Skin Undetectable Longwear Foundation,NGRAM_ATTRIBUTE,10
Mini HD Skin Undetectable Longwear Foundation,GLOSSY_FINISH,1
Mini HD Skin Undetectable Longwear Foundation,HYDRATION_MOISTURE,1
Mini HD Skin Undetectable Longwear Foundation,SUN_PROTECTION,1
Mini Hangover 3-in-1 Replenishing Primer & Setting Spray,NGRAM_ATTRIBUTE,2
Mini Hangover 3-in-1 Replenishing Primer & Setting Spray,GLOSSY_FINISH,1
Mini Hangover 3-in-1 Replenishing Primer & Setting Spray,OIL_CONTROL,1
Mini Hangover 3-in-1 Replenishing Primer & Setting Spray,PORE_MINIMIZING,1
Mini Hangover 3-in-1 Replenishing Primer & Setting Spray (Too Faced),NGRAM_ATTRIBUTE,5
Mini Hangover 3-in-1 Replenishing Primer & Setting Spray (Too Faced),GLOWY_FINISH,1
Mini Hangover Replenishing Face Primer (Too Faced),NGRAM_ATTRIBUTE,5
Mini Hangover Replenishing Face Primer (Too Faced),GLOWY_FINISH,1
Mini Hollywood Blush & Glow Palette,NGRAM_ATTRIBUTE,7
Mini Hollywood Blush & Glow Palette,GLOSSY_FINISH,2
Mini Hollywood Blush & Glow Palette,INDUSTRY_TERM,2
Mini Hollywood Blush & Glow Palette,OIL_CONTROL,1
Mini Hollywood Blush & Glow Palette,PORE_MINIMIZING,1
Mini Hollywood Flawless Filter,PORE_MINIMIZING,5
Mini Hollywood Flawless Filter,NGRAM_ATTRIBUTE,2
Mini Hollywood Flawless Filter,GLOSSY_FINISH,1
Mini Hollywood Flawless Filter,OIL_CONTROL,1
Mini Iconic Hollywood Lipstick Trio Set,NGRAM_ATTRIBUTE,5
Mini Iconic Hollywood Lipstick Trio Set,INDUSTRY_TERM,2
Mini Iconic Hollywood Lipstick Trio Set,GLOSSY_FINISH,1
Mini Laguna Bronzer Powder Talc-Free	 (NARS),GLOSSY_FINISH,1
Mini Laguna Bronzer Powder Talc-Free	 (NARS),TEXTURE,1
"Mini Lashes & Lips On The Fly: Primer, Mascara + Lip Plumper Set (Too Faced)",NGRAM_ATTRIBUTE,5
"Mini Lashes & Lips On The Fly: Primer, Mascara + Lip Plumper Set (Too Faced)",GLOWY_FINISH,1
Mini Light Reflecting Setting Powder,NGRAM_ATTRIBUTE,23
Mini Light Reflecting Setting Powder,GLOSSY_FINISH,3
Mini Light Reflecting Setting Powder,OIL_CONTROL,1
Mini Light Reflecting Setting Powder (NARS),GLOSSY_FINISH,1
Mini Light Reflecting Setting Powder (NARS),TEXTURE,1
Mini Lip Injection Extreme Hydrating Lip Plumper (Too Faced),NGRAM_ATTRIBUTE,5
Mini Lip Injection Extreme Hydrating Lip Plumper (Too Faced),GLOWY_FINISH,1
Mini Lip Injection Maximum Plump Extra Strength Hydrating Lip Plumper (Too Faced),NGRAM_ATTRIBUTE,5
Mini Lip Injection Maximum Plump Extra Strength Hydrating Lip Plumper (Too Faced),GLOWY_FINISH,1
Mini Naturally Better Than Sex Lengthening and Volumizing Mascara (Too Faced),NGRAM_ATTRIBUTE,5
Mini Naturally Better Than Sex Lengthening and Volumizing Mascara (Too Faced),GLOWY_FINISH,1
Mini Orgasm Blush and Lip Duo,NGRAM_ATTRIBUTE,23
Mini Orgasm Blush and Lip Duo,INDUSTRY_TERM,4
Mini Orgasm Blush and Lip Duo,GLOSSY_FINISH,3
Mini Orgasm Blush and Lip Duo,OIL_CONTROL,1
Mini Orgasm Blush and Lip Duo (NARS),GLOSSY_FINISH,1
Mini Orgasm Blush and Lip Duo (NARS),TEXTURE,1
Mini Pillow Talk Blush and Glow Beauty Highlighter Wand Set,NGRAM_ATTRIBUTE,5
Mini Pillow Talk Blush and Glow Beauty Highlighter Wand Set,INDUSTRY_TERM,2
Mini Pillow Talk Blush and Glow Beauty Highlighter Wand Set,GLOSSY_FINISH,1
Mini Pillow Talk Lipstick & Liner Set,NGRAM_ATTRIBUTE,10
Mini Pillow Talk Lipstick & Liner Set,GLOSSY_FINISH,1
Mini Powermatte High-Intensity Lip Pencil Duo (NARS),GLOSSY_FINISH,1
Mini Powermatte High-Intensity Lip Pencil Duo (NARS),TEXTURE,1
Mini Precious Gems Eyeshadow Palette,NGRAM_ATTRIBUTE,2
Mini Precious Gems Eyeshadow Palette,GLOSSY_FINISH,1
Mini Precious Gems Eyeshadow Palette,OIL_CONTROL,1
Mini Precious Gems Eyeshadow Palette,PORE_MINIMIZING,1
Mini Precious Gems Eyeshadow Palette (Too Faced),NGRAM_ATTRIBUTE,5
Mini Precious Gems Eyeshadow Palette (Too Faced),GLOWY_FINISH,1
Mini Prep Set Glow Hydrating Spray,NGRAM_ATTRIBUTE,7
Mini Prep Set Glow Hydrating Spray,GLOSSY_FINISH,1
Mini Radiant Creamy Concealer with Medium Coverage,NGRAM_ATTRIBUTE,4
Mini Radiant Creamy Concealer with Medium Coverage,GLOSSY_FINISH,2
Mini Radiant Creamy Concealer with Medium Coverage,TEXTURE,2
Mini Radiant Creamy Concealer with Medium Coverage (NARS),GLOSSY_FINISH,1
Mini Radiant Creamy Concealer with Medium Coverage (NARS),TEXTURE,1
Mini Spice Eye Palette,NGRAM_ATTRIBUTE,2
Mini Spice Eye Palette,GLOSSY_FINISH,1
Mini Spice Eye Palette,OIL_CONTROL,1
Mini Spice Eye Palette,PORE_MINIMIZING,1
Mini Step 1 Primer Hydra Booster,NGRAM_ATTRIBUTE,10
Mini Step 1 Primer Hydra Booster,GLOSSY_FINISH,1
Mini Step 1 Primer Hydra Booster,HYDRATION_MOISTURE,1
Mini Step 1 Primer Hydra Booster,SUN_PROTECTION,1
Mini Sugar Eye Palette,NGRAM_ATTRIBUTE,2
Mini Sugar Eye Palette,GLOSSY_FINISH,1
Mini Sugar Eye Palette,OIL_CONTROL,1
Mini Sugar Eye Palette,PORE_MINIMIZING,1
Mini Talc-Free Powder Blush,NGRAM_ATTRIBUTE,4
Mini Talc-Free Powder Blush,GLOSSY_FINISH,2
Mini Talc-Free Powder Blush,FORMULA,1
Mini Talc-Free Powder Blush (NARS),GLOSSY_FINISH,1
Mini Talc-Free Powder Blush (NARS),TEXTURE,1
Mini Translucent Loose Setting Powder,COVERAGE,2
Mini Translucent Loose Setting Powder,NGRAM_ATTRIBUTE,2
Mini Translucent Loose Setting Powder,GLOSSY_FINISH,1
Mini Translucent Loose Setting Powder,OIL_CONTROL,1
Mini Translucent Loose Setting Powder,PORE_MINIMIZING,1
Mini Ultra HD Microfinishing Loose Powder ,NGRAM_ATTRIBUTE,43
Mini Ultra HD Microfinishing Loose Powder ,GLOSSY_FINISH,2
Mini Ultra HD Microfinishing Loose Powder ,TEXTURE,2
Mini Ultra HD Microfinishing Loose Powder ,MATTE_FINISH,1
Mini Ultra HD Microfinishing Pressed Powder ,NGRAM_ATTRIBUTE,43
Mini Ultra HD Microfinishing Pressed Powder ,GLOSSY_FINISH,2
Mini Ultra HD Microfinishing Pressed Powder ,TEXTURE,2
Mini Ultra HD Microfinishing Pressed Powder ,MATTE_FINISH,1
Mini Ultra-Blur Talc-Free Translucent Loose Setting Powder,COVERAGE,1
Mini Water-Resistant Eye Primer,NGRAM_ATTRIBUTE,2
Mini Water-Resistant Eye Primer,GLOSSY_FINISH,1
Mini Water-Resistant Eye Primer,OIL_CONTROL,1
Mini Water-Resistant Eye Primer,PORE_MINIMIZING,1
Mist & Fix 24HR Hydrating Setting Spray,NGRAM_ATTRIBUTE,2
Mist & Fix 24HR Hydrating Setting Spray,GLOSSY_FINISH,1
Mist & Fix 24HR Hydrating Setting Spray,OIL_CONTROL,1
Mist & Fix 24HR Hydrating Setting Spray,PORE_MINIMIZING,1
ModCon Liquid-Gel Blush,NGRAM_ATTRIBUTE,4
ModCon Liquid-Gel Blush,GLOSSY_FINISH,2
ModCon Liquid-Gel Blush,FORMULA,1
MoistureGlow™ Plumping Lip Serum,NGRAM_ATTRIBUTE,2
Monoi Body Glow I,NGRAM_ATTRIBUTE,30
Monoi Body Glow I,GLOSSY_FINISH,4
Monoi Body Glow I,OIL_CONTROL,1
Monoi Body Glow I (NARS),GLOSSY_FINISH,1
Monoi Body Glow I (NARS),TEXTURE,1
Moon Crush Highlighter (Too Faced),NGRAM_ATTRIBUTE,5
Moon Crush Highlighter (Too Faced),GLOWY_FINISH,1
Multi-Peptide Lash and Brow Serum,NGRAM_ATTRIBUTE,5
Nail Glow Polish,NGRAM_ATTRIBUTE,19
Nail Glow Polish,GLOSSY_FINISH,6
Nail Glow Polish,FORMULA,1
Natural Radiant Longwear Full Coverage Foundation,GLOSSY_FINISH,1
Natural Radiant Longwear Full Coverage Foundation (NARS),GLOSSY_FINISH,1
Natural Radiant Longwear Full Coverage Foundation (NARS),TEXTURE,1
Natural-Looking Matte Powder Bronzer,NGRAM_ATTRIBUTE,2
Natural-Looking Matte Powder Bronzer,GLOSSY_FINISH,1
Natural-Looking Matte Powder Bronzer,OIL_CONTROL,1
Natural-Looking Matte Powder Bronzer,PORE_MINIMIZING,1
Naturally Better Than Sex Lengthening and Volumizing Mascara (Too Faced),NGRAM_ATTRIBUTE,5
Naturally Better Than Sex Lengthening and Volumizing Mascara (Too Faced),GLOWY_FINISH,1
No. 15 Blush Brush,GLOSSY_FINISH,1
No. 15 Blush Brush,GLOWY_FINISH,1
No. 15 Blush Brush,NGRAM_ATTRIBUTE,1
Nouveau Eyeshadow Palette,NGRAM_ATTRIBUTE,2
Nouveau Eyeshadow Palette,GLOSSY_FINISH,1
Nouveau Eyeshadow Palette,OIL_CONTROL,1
Nouveau Eyeshadow Palette,PORE_MINIMIZING,1
Nude Obsessions Eyeshadow Palette,NGRAM_ATTRIBUTE,2
Nude Obsessions Eyeshadow Palette,GLOSSY_FINISH,1
Nude Obsessions Eyeshadow Palette,OIL_CONTROL,1
Nude Obsessions Eyeshadow Palette,PORE_MINIMIZING,1
O-Bloos™ Rosi Glow Drops with Vitamin F (Drunk Elephant),INGREDIENTS,2
Patrick Ta x Barbie™ Blush Duo and Lip Plumper Set,NGRAM_ATTRIBUTE,20
Patrick Ta x Barbie™ Blush Duo and Lip Plumper Set,COVERAGE,1
Pillow Talk Big Lip Plumpgasm Plumping Lip Gloss,NGRAM_ATTRIBUTE,10
Pillow Talk Big Lip Plumpgasm Plumping Lip Gloss,GLOSSY_FINISH,1
Pillow Talk Iconic Lip & Cheek Secrets Set,NGRAM_ATTRIBUTE,10
Pillow Talk Iconic Lip & Cheek Secrets Set,GLOSSY_FINISH,1
Pillow Talk On the Go Set,NGRAM_ATTRIBUTE,12
Pillow Talk On the Go Set,GLOSSY_FINISH,2
Powder Brush No. 1,NGRAM_ATTRIBUTE,5
Powder Brush No. 1,COVERAGE,2
Powermatte High-Intensity Long-Lasting Lip Pencil (NARS),GLOSSY_FINISH,1
Powermatte High-Intensity Long-Lasting Lip Pencil (NARS),TEXTURE,1
Powermatte Lip Pigment (NARS),GLOSSY_FINISH,1
Powermatte Lip Pigment (NARS),TEXTURE,1
Powermatte Long-Lasting Lipstick (NARS),GLOSSY_FINISH,1
Powermatte Long-Lasting Lipstick (NARS),TEXTURE,1
Precision Lip Liner,INDUSTRY_TERM,4
Precision Lip Liner,NGRAM_ATTRIBUTE,4
Precision Lip Liner,GLOSSY_FINISH,2
Precision Lip Liner,FORMULA,1
Precision Lip Liner (NARS),GLOSSY_FINISH,1
Precision Lip Liner (NARS),TEXTURE,1
Prep-Set-Glow Hydrating Glowy Setting Spray,SKIN_TONE,1
Pretty Grunge Eyeshadow Palette,NGRAM_ATTRIBUTE,2
Pretty Grunge Eyeshadow Palette,GLOSSY_FINISH,1
Pretty Grunge Eyeshadow Palette,OIL_CONTROL,1
Pretty Grunge Eyeshadow Palette,PORE_MINIMIZING,1
Pro Volume Lip Gloss,NGRAM_ATTRIBUTE,8
Pro Volume Lip Gloss,COVERAGE,1
Pro Volume Lip Gloss,GLOSSY_FINISH,1
Pro-Prime™ Smudge Proof Eyeshadow Base (NARS),GLOSSY_FINISH,1
Pro-Prime™ Smudge Proof Eyeshadow Base (NARS),TEXTURE,1
ProCurl Eyelash Curler,NGRAM_ATTRIBUTE,2
ProMaster Eyelash Curler,NGRAM_ATTRIBUTE,2
Pure Luxury Light Reflecting Face & Eye Palette (NARS),GLOSSY_FINISH,1
Pure Luxury Light Reflecting Face & Eye Palette (NARS),TEXTURE,1
Radiant Creamy Concealer with Medium Coverage,NGRAM_ATTRIBUTE,4
Radiant Creamy Concealer with Medium Coverage,GLOSSY_FINISH,2
Radiant Creamy Concealer with Medium Coverage,TEXTURE,2
Radiant Creamy Concealer with Medium Coverage (NARS),GLOSSY_FINISH,1
Radiant Creamy Concealer with Medium Coverage (NARS),TEXTURE,1
Refillable Airbrush Flawless Finish Brightening Powder,NGRAM_ATTRIBUTE,6
Refillable Airbrush Flawless Finish Brightening Powder,PORE_MINIMIZING,2
Refillable Airbrush Flawless Finish Brightening Powder,GLOSSY_FINISH,1
Refillable Airbrush Flawless Finish Brightening Powder,OIL_CONTROL,1
RevitalEssence Skin Glow Foundation SPF 30,NGRAM_ATTRIBUTE,20
RevitalEssence Skin Glow Foundation SPF 30,GLOSSY_FINISH,3
RevitalEssence Skin Glow Foundation SPF 30,NOURISHMENT_REPAIR,1
Rollaway Glow Highlighter,NGRAM_ATTRIBUTE,7
Rollaway Glow Highlighter,GLOSSY_FINISH,1
Rose Metals Eyeshadow Palette,NGRAM_ATTRIBUTE,2
Rose Metals Eyeshadow Palette,GLOSSY_FINISH,1
Rose Metals Eyeshadow Palette,OIL_CONTROL,1
Rose Metals Eyeshadow Palette,PORE_MINIMIZING,1
Rosy Glow Blush,NGRAM_ATTRIBUTE,48
Rosy Glow Blush,GLOSSY_FINISH,6
Rosy Glow Blush,FORMULA,1
Rouge Blush,NGRAM_ATTRIBUTE,34
Rouge Blush,GLOSSY_FINISH,3
Rouge Blush,FORMULA,1
Rouge Dior Contour No-Transfer Lip Liner Pencil,NGRAM_ATTRIBUTE,4
Rouge Dior Contour No-Transfer Lip Liner Pencil,GLOSSY_FINISH,2
Rouge Dior Contour No-Transfer Lip Liner Pencil,FORMULA,1
Rouge Dior Forever Transfer-Proof Lipstick,NGRAM_ATTRIBUTE,25
Rouge Dior Forever Transfer-Proof Lipstick,GLOSSY_FINISH,1
Secret Brightening Loose Powder for Under Eyes,COVERAGE,1
Sephora Colorful® Blush,NGRAM_ATTRIBUTE,7
Sephora Colorful® Blush,MATTE_FINISH,1
Sephora Colorful® Blush,SKIN_TONE,1
Sephora Colorful® Contour Matte Powder,NGRAM_ATTRIBUTE,7
Sephora Colorful® Contour Matte Powder,MATTE_FINISH,1
Sephora Colorful® Eyeshadow,NGRAM_ATTRIBUTE,7
Sephora Colorful® Eyeshadow,MATTE_FINISH,1
Sephora Colorful® Eyeshadow,SKIN_TONE,1
Sex Kitten Liquid Liner,INDUSTRY_TERM,4
Shadow Insurance 24-Hour Eyeshadow Primer,NGRAM_ATTRIBUTE,2
Shadow Insurance 24-Hour Eyeshadow Primer,GLOSSY_FINISH,1
Shadow Insurance 24-Hour Eyeshadow Primer,OIL_CONTROL,1
Shadow Insurance 24-Hour Eyeshadow Primer,PORE_MINIMIZING,1
Shadow Insurance 24-Hour Eyeshadow Primer (Too Faced),NGRAM_ATTRIBUTE,5
Shadow Insurance 24-Hour Eyeshadow Primer (Too Faced),GLOWY_FINISH,1
Shimmering Light Highlighter,INDUSTRY_TERM,4
Skinperfect Primer SPF 30 (Dermalogica),COLOR_CORRECTION,1
Slaai™  Makeup-Melting Butter Cleanser (Drunk Elephant),INGREDIENTS,2
Soft Glam Eyeshadow Palette,NGRAM_ATTRIBUTE,2
Soft Glam Eyeshadow Palette,GLOSSY_FINISH,1
Soft Glam Eyeshadow Palette,OIL_CONTROL,1
Soft Glam Eyeshadow Palette,PORE_MINIMIZING,1
Soft Glow Highlighter,NGRAM_ATTRIBUTE,8
Soft Glow Highlighter,COVERAGE,1
Soft Glow Highlighter,GLOSSY_FINISH,1
Soft Matte & Easy Liquid Lipstick,NGRAM_ATTRIBUTE,7
Soft Matte & Easy Liquid Lipstick,MATTE_FINISH,1
Soft Matte Advanced Perfecting Powder (NARS),GLOSSY_FINISH,1
Soft Matte Advanced Perfecting Powder (NARS),TEXTURE,1
Soft Matte Complete Foundation (NARS),GLOSSY_FINISH,1
Soft Matte Complete Foundation (NARS),TEXTURE,1
Soft Matte Tinted Lip Balm (NARS),GLOSSY_FINISH,1
Soft Matte Tinted Lip Balm (NARS),TEXTURE,1
Soft Pop Powder Blush,NGRAM_ATTRIBUTE,8
Soft Pop Powder Blush,COVERAGE,1
Soft Pop Powder Blush,GLOSSY_FINISH,1
Soy Hydrating Gentle Face Cleanser (fresh),NGRAM_ATTRIBUTE,9
Soy Hydrating Gentle Face Cleanser (fresh),GLOSSY_FINISH,1
Soy Hydrating Gentle Face Cleanser (fresh),SKIN_TONE,1
Sparkle Lip Gloss Duo,NGRAM_ATTRIBUTE,2
Sparkle Lip Gloss Duo,GLOSSY_FINISH,1
Sparkle Lip Gloss Duo,OIL_CONTROL,1
Sparkle Lip Gloss Duo,PORE_MINIMIZING,1
Star Lit Diamond Powder,NGRAM_ATTRIBUTE,2
Star Lit Diamond Powder,GLOSSY_FINISH,1
Star Lit Diamond Powder,OIL_CONTROL,1
Star Lit Diamond Powder,PORE_MINIMIZING,1
Star Lit Powder,NGRAM_ATTRIBUTE,2
Star Lit Powder,GLOSSY_FINISH,1
Star Lit Powder,OIL_CONTROL,1
Star Lit Powder,PORE_MINIMIZING,1
Step 1 Primer Color Corrector - Redness Corrector,NGRAM_ATTRIBUTE,2
Step 1 Primer Color Corrector - Redness Corrector,GLOSSY_FINISH,1
Step 1 Primer Color Corrector - Redness Corrector,OIL_CONTROL,1
Step 1 Primer Color Corrector - Redness Corrector,PORE_MINIMIZING,1
Step 1 Primer Hydra Booster,NGRAM_ATTRIBUTE,10
Step 1 Primer Hydra Booster,GLOSSY_FINISH,1
Step 1 Primer Hydra Booster,HYDRATION_MOISTURE,1
Step 1 Primer Hydra Booster,SUN_PROTECTION,1
Sugar Advanced Therapy Lip Rescue Ointment (fresh),NGRAM_ATTRIBUTE,9
Sugar Advanced Therapy Lip Rescue Ointment (fresh),GLOSSY_FINISH,1
Sugar Advanced Therapy Lip Rescue Ointment (fresh),SKIN_TONE,1
Sugar Advanced Therapy Treatment Lip Balm (fresh),NGRAM_ATTRIBUTE,9
Sugar Advanced Therapy Treatment Lip Balm (fresh),GLOSSY_FINISH,1
Sugar Advanced Therapy Treatment Lip Balm (fresh),SKIN_TONE,1
Sugar Lip Balm Hydrating Treatment (fresh),NGRAM_ATTRIBUTE,9
Sugar Lip Balm Hydrating Treatment (fresh),GLOSSY_FINISH,1
Sugar Lip Balm Hydrating Treatment (fresh),SKIN_TONE,1
Sugar Lip Polish Exfoliator (fresh),NGRAM_ATTRIBUTE,9
Sugar Lip Polish Exfoliator (fresh),GLOSSY_FINISH,1
Sugar Lip Polish Exfoliator (fresh),SKIN_TONE,1
Sugar Mint Rush Freshening Lip Treatment (fresh),NGRAM_ATTRIBUTE,9
Sugar Mint Rush Freshening Lip Treatment (fresh),GLOSSY_FINISH,1
Sugar Mint Rush Freshening Lip Treatment (fresh),SKIN_TONE,1
Sugar Recovery Lip Mask Advanced Therapy (fresh),NGRAM_ATTRIBUTE,9
Sugar Recovery Lip Mask Advanced Therapy (fresh),GLOSSY_FINISH,1
Sugar Recovery Lip Mask Advanced Therapy (fresh),SKIN_TONE,1
Sun Bunny Natural Bronzer,NGRAM_ATTRIBUTE,11
Sun Bunny Natural Bronzer,GLOSSY_FINISH,3
Sun Bunny Natural Bronzer,FORMULA,1
Sun Bunny Natural Bronzer,OIL_CONTROL,1
Sun Bunny Natural Bronzer,PORE_MINIMIZING,1
Sun Bunny Natural Bronzer (Too Faced),NGRAM_ATTRIBUTE,5
Sun Bunny Natural Bronzer (Too Faced),GLOWY_FINISH,1
Super Nudes Easy Eyeshadow Palette,NGRAM_ATTRIBUTE,2
Super Nudes Easy Eyeshadow Palette,GLOSSY_FINISH,1
Super Nudes Easy Eyeshadow Palette,OIL_CONTROL,1
Super Nudes Easy Eyeshadow Palette,PORE_MINIMIZING,1
Superstar Lips Lipstick,NGRAM_ATTRIBUTE,15
Superstar Lips Lipstick,FORMULA,1
SurrealSkin™ Awakening Concealer,NGRAM_ATTRIBUTE,4
SurrealSkin™ Awakening Concealer,GLOSSY_FINISH,1
SurrealSkin™ Awakening Concealer,TEXTURE,1
Synchro Skin Radiant Lifting Foundation SPF 30,NGRAM_ATTRIBUTE,13
Synchro Skin Radiant Lifting Foundation SPF 30,GLOSSY_FINISH,2
Synchro Skin Radiant Lifting Foundation SPF 30,NOURISHMENT_REPAIR,1
Synchro Skin Self-Refreshing Foundation SPF 30,NGRAM_ATTRIBUTE,13
Synchro Skin Self-Refreshing Foundation SPF 30,GLOSSY_FINISH,2
Synchro Skin Self-Refreshing Foundation SPF 30,NOURISHMENT_REPAIR,1
Talc-Free Powder Blush,NGRAM_ATTRIBUTE,7
Talc-Free Powder Blush,INDUSTRY_TERM,4
Talc-Free Powder Blush,COVERAGE,1
Talc-Free Powder Blush,GLOSSY_FINISH,1
Talc-Free Powder Blush (NARS),GLOSSY_FINISH,1
Talc-Free Powder Blush (NARS),TEXTURE,1
Tattoo Liner Duo Waterproof Liquid Eyeliner Set,NGRAM_ATTRIBUTE,4
Tattoo Liner Duo Waterproof Liquid Eyeliner Set,GLOSSY_FINISH,2
Tattoo Liner Duo Waterproof Liquid Eyeliner Set,FORMULA,1
Tattoo Pencil Liner Waterproof Long-Wear Gel Eyeliner,NGRAM_ATTRIBUTE,4
Tattoo Pencil Liner Waterproof Long-Wear Gel Eyeliner,GLOSSY_FINISH,2
Tattoo Pencil Liner Waterproof Long-Wear Gel Eyeliner,FORMULA,1
The Base Foundation Brush,NGRAM_ATTRIBUTE,10
The Base Foundation Brush,GLOSSY_FINISH,1
The Base Foundation Brush,GLOWY_FINISH,1
"The Multiple Cream Blush, Lip and Eye Stick (NARS)",GLOSSY_FINISH,1
"The Multiple Cream Blush, Lip and Eye Stick (NARS)",TEXTURE,1
Tint & Treat Lip Kit (fresh),NGRAM_ATTRIBUTE,9
Tint & Treat Lip Kit (fresh),GLOSSY_FINISH,1
Tint & Treat Lip Kit (fresh),SKIN_TONE,1
Total Seduction Eyeshadow Stick (NARS),GLOSSY_FINISH,1
Total Seduction Eyeshadow Stick (NARS),TEXTURE,1
Translucent Loose Setting Powder,COVERAGE,2
Translucent Loose Setting Powder,NGRAM_ATTRIBUTE,2
Translucent Loose Setting Powder,GLOSSY_FINISH,1
Translucent Loose Setting Powder,OIL_CONTROL,1
Translucent Loose Setting Powder,PORE_MINIMIZING,1
Translucent Loose Setting Powder – Pink Tone-Up for Brightening,COVERAGE,1
Translucent Pressed Setting Powder,COVERAGE,2
Twice The Better Than Sex Mascara Duo (Too Faced),NGRAM_ATTRIBUTE,5
Twice The Better Than Sex Mascara Duo (Too Faced),GLOWY_FINISH,1
Ultra HD Microfinishing Loose Powder,NGRAM_ATTRIBUTE,43
Ultra HD Microfinishing Loose Powder,GLOSSY_FINISH,2
Ultra HD Microfinishing Loose Powder,TEXTURE,2
Ultra HD Microfinishing Loose Powder,MATTE_FINISH,1
Ultra HD Microfinishing Pressed Powder,NGRAM_ATTRIBUTE,43
Ultra HD Microfinishing Pressed Powder,GLOSSY_FINISH,2
Ultra HD Microfinishing Pressed Powder,TEXTURE,2
Ultra HD Microfinishing Pressed Powder,MATTE_FINISH,1
Ultra-Blur Talc-Free Translucent Loose Setting Powder,COVERAGE,1
Ultra-Blur Talc-Free Waterproof Translucent Pressed Setting Powder,COVERAGE,1
Unreal Liquid Blush,GLOSSY_FINISH,1
Unreal Liquid Blush,GLOWY_FINISH,1
Unreal Liquid Blush,NGRAM_ATTRIBUTE,1
Unreal Skin Sheer Glow Tint Hydrating Foundation Stick,NGRAM_ATTRIBUTE,18
Unreal Skin Sheer Glow Tint Hydrating Foundation Stick,COVERAGE,2
Unreal Skin Sheer Glow Tint Hydrating Foundation Stick,GLOSSY_FINISH,2
Vanish™ Airbrush Concealer,NGRAM_ATTRIBUTE,4
Veil Mineral Primer,NGRAM_ATTRIBUTE,4
Veil Mineral Primer,HYDRATION_MOISTURE,1
Veil™ Hydrating Skin Tint Foundation,NGRAM_ATTRIBUTE,14
Veil™ Hydrating Skin Tint Foundation,HYDRATION_MOISTURE,1
Veil™ Hydrating Skin Tint Foundation,NATURAL_FINISH,1
Veil™ Powder Brush,NGRAM_ATTRIBUTE,5
Veil™ Powder Brush,COVERAGE,2
Vinoclean Cleansing Micellar Water (Caudalie),NGRAM_ATTRIBUTE,5
Vital Skincare Complexion Drops Dewy Skin Tint,NGRAM_ATTRIBUTE,10
Volumizing Tinted Brow Gel,NGRAM_ATTRIBUTE,2
Volumizing Tinted Brow Gel,GLOSSY_FINISH,1
Volumizing Tinted Brow Gel,OIL_CONTROL,1
Volumizing Tinted Brow Gel,PORE_MINIMIZING,1
Watermelon Glow Niacinamide Dew Drops Serum,NGRAM_ATTRIBUTE,17
Watermelon Glow Niacinamide Dew Drops Serum,GLOSSY_FINISH,3
Watermelon Glow Niacinamide Dew Drops Serum,INDUSTRY_TERM,2
Watermelon Glow Niacinamide Hue Drops Sun Glow Serum,NGRAM_ATTRIBUTE,17
Watermelon Glow Niacinamide Hue Drops Sun Glow Serum,GLOSSY_FINISH,3
Watermelon Glow Niacinamide Hue Drops Sun Glow Serum,INDUSTRY_TERM,2
Wonderglow Face Primer,NGRAM_ATTRIBUTE,2
Wonderglow Face Primer,GLOSSY_FINISH,1
Wonderglow Face Primer,OIL_CONTROL,1
Wonderglow Face Primer,PORE_MINIMIZING,1
Yachiyo Kabuki Brush,NGRAM_ATTRIBUTE,7
Yachiyo Kabuki Brush,GLOSSY_FINISH,1
Yachiyo Kabuki Brush (NARS),GLOSSY_FINISH,1
Yachiyo Kabuki Brush (NARS),TEXTURE,1
You're a Gem Eye Makeup Set (Too Faced),NGRAM_ATTRIBUTE,5
You're a Gem Eye Makeup Set (Too Faced),GLOWY_FINISH,1
concealer paw brush,GLOSSY_FINISH,1
maracuja juicy lip liner,INDUSTRY_TERM,4
wakeup makeup essentials duo set,NGRAM_ATTRIBUTE,8
wakeup makeup essentials duo set,COVERAGE,1
wakeup makeup essentials duo set,GLOSSY_FINISH,1
